subj_no,stim_cond,percept_acc,d-prime,c,beta,conf,c_conf,ic_conf,percept_rt,conf_rt,threshold
1,0.0,0.97,3.8811214686376942,0.38578713972199363,4.469545610378887,2.47,2.515463917525773,1.0,1086.94,507.04,3.136452153284292
1,1.0,0.86,2.169444675275843,0.0902644544281685,1.2163124992296148,1.8,1.9186046511627908,1.0714285714285714,1341.65,439.16,3.136452153284292
1,2.0,0.97,3.8044349818839924,0.15153141968982686,1.7797829771520886,2.23,2.268041237113402,1.0,1135.26,481.27,3.136452153284292
1,3.0,0.8,1.6875583020314988,0.0715859368270646,1.128405350722445,1.6,1.675,1.3,1275.43,424.19,3.136452153284292
1,4.0,0.93,3.0322376367967703,0.23456725285378466,2.036563141351732,2.06,2.118279569892473,1.2857142857142858,1210.83,417.88,3.136452153284292
1,5.0,0.79,1.63780328860267,-0.1755562389084181,0.7501166243411947,1.65,1.7215189873417722,1.380952380952381,1278.25,414.75,3.136452153284292
1,6.0,0.87,2.2553061328810458,-0.04733372562556715,0.8987484975172289,1.81,1.896551724137931,1.2307692307692308,1248.58,433.17,3.136452153284292
1,7.0,0.66,0.836188610407016,-0.16474720206770824,0.871308012319479,1.42,1.5303030303030303,1.2058823529411764,1463.17,359.28,3.136452153284292
1,8.0,0.96,3.501372142504339,2.220446049250313e-16,1.0000000000000009,2.26,2.3125,1.0,1129.26,420.69,3.136452153284292
1,9.0,0.8,1.6875583020314986,-0.07158593682706449,0.8862063613574368,1.5,1.5875,1.15,1575.22,431.44,3.136452153284292
1,10.0,0.83,2.13761510186807,0.48596604366281865,2.825847596986809,1.73,1.8674698795180722,1.0588235294117647,1224.98,438.78,3.136452153284292
1,11.0,0.7,1.0505403063857246,0.0575713540783539,1.0623474424730097,1.42,1.542857142857143,1.1333333333333333,1666.01,453.29,3.136452153284292
1,12.0,0.9,2.745143954461923,0.37811409402120827,2.8235010423472056,1.79,1.8666666666666667,1.1,1257.13,492.39,3.136452153284292
1,13.0,0.75,1.3660217462809547,0.15861036043243676,1.2419282368602313,1.52,1.6,1.28,1390.25,475.78,3.136452153284292
1,14.0,0.81,1.8183321974590072,0.2658206933365866,1.6214978574803167,1.21,1.2345679012345678,1.105263157894737,1680.39,317.91,3.136452153284292
1,15.0,0.64,0.7914676501081805,0.4458874085188239,1.4231965872611945,1.26,1.328125,1.1388888888888888,1559.41,314.76,3.136452153284292
2,0.0,0.88,2.399529443519386,-0.20530683854993986,0.6110113132304791,3.65,3.7613636363636362,2.8333333333333335,606.92,428.32,5.730589747058029
2,1.0,0.71,1.1072420199792568,0.029220497281587765,1.032883248981349,3.74,3.788732394366197,3.6206896551724137,1396.94,401.51,5.730589747058029
2,2.0,0.8,1.6832424671458286,-5.551115123125783e-17,0.9999999999999999,3.78,3.875,3.4,525.36,340.66,5.730589747058029
2,3.0,0.77,1.4849666389658311,0.09913791408999861,1.1586047681121607,3.78,3.844155844155844,3.5652173913043477,576.66,327.24,5.730589747058029
2,4.0,0.71,1.1110442045074254,0.08782330313920428,1.10249475611967,3.71,3.8028169014084505,3.4827586206896552,707.81,471.49,5.730589747058029
2,5.0,0.75,1.3830638869573224,0.2238331443641528,1.3628465157055707,3.79,3.8533333333333335,3.6,709.43,362.03,5.730589747058029
2,6.0,0.67,0.8828593059592347,0.08297085972842355,1.0760012200718025,3.56,3.716417910447761,3.242424242424242,519.69,392.14,5.730589747058029
2,7.0,0.57,0.3584587932511938,-0.1792293966255969,0.9377739474311441,3.48,3.491228070175439,3.4651162790697674,632.51,465.22,5.730589747058029
2,8.0,0.79,1.613814447761599,0.03471400969211469,1.0576209198157829,3.7,3.810126582278481,3.2857142857142856,465.18,359.5,5.730589747058029
2,9.0,0.68,0.9925904490696915,0.3453260090380684,1.4088408842322278,3.75,3.9411764705882355,3.34375,472.81,401.95,5.730589747058029
2,10.0,0.65,0.784734986413067,-0.19047401406468267,0.8611628750304464,3.39,3.4461538461538463,3.2857142857142856,2206.84,502.42,5.730589747058029
2,11.0,0.67,0.8828593059592345,-0.08297085972842344,0.929366975934534,3.48,3.5522388059701493,3.3333333333333335,877.53,396.14,5.730589747058029
2,12.0,0.7,1.0558085348343216,-0.11544113797575611,0.8852512829444764,3.55,3.8142857142857145,2.933333333333333,522.32,354.08,5.730589747058029
2,13.0,0.56,0.3054807880993974,-0.1527403940496987,0.9544125525894855,3.62,3.5535714285714284,3.7045454545454546,3432.22,396.5,5.730589747058029
2,14.0,0.46,-0.2243827140200224,-0.470650150261205,1.1113836360956588,3.13,3.0869565217391304,3.1666666666666665,998.3,468.82,5.730589747058029
2,15.0,0.58,0.4239667921965708,-0.3124171166097553,0.8759428037008475,3.2,3.2758620689655173,3.0952380952380953,535.46,499.65,5.730589747058029
3,0.0,0.87,2.3204366481524468,0.24485323623340954,1.765027767885845,3.32,3.4482758620689653,2.4615384615384617,648.39,260.31,2.468460810121841
3,1.0,0.78,1.694014694986005,-0.4345442180515978,0.47896665824378704,2.95,3.0,2.772727272727273,819.73,274.19,2.468460810121841
3,2.0,0.98,4.107497821263646,2.220446049250313e-16,1.0000000000000009,3.04,3.0510204081632653,2.5,650.49,260.03,2.468460810121841
3,3.0,0.82,1.8360791167826673,0.07641832481841943,1.1506305429576051,2.65,2.7195121951219514,2.3333333333333335,732.97,282.98,2.468460810121841
3,4.0,0.83,2.13761510186807,-0.48596604366281865,0.3538761258980479,2.52,2.6265060240963853,2.0,649.03,261.3,2.468460810121841
3,5.0,0.79,1.663160848086172,-0.24873891677186982,0.6612040235894134,2.36,2.4936708860759493,1.8571428571428572,703.9,251.35,2.468460810121841
3,6.0,0.76,1.4155386195816018,-0.06442390439788392,0.9128401236765824,2.26,2.3421052631578947,2.0,700.25,264.71,2.468460810121841
3,7.0,0.74,1.2891440701113037,0.06173052778443561,1.0828316886924563,2.12,2.1486486486486487,2.0384615384615383,741.55,251.83,2.468460810121841
3,8.0,0.88,2.361870906359556,-0.10061611236482226,0.7884847064603236,3.01,3.159090909090909,1.9166666666666667,633.42,269.21,2.468460810121841
3,9.0,0.8,1.7007604460498404,-0.14407766018483287,0.7826719896794149,2.79,2.875,2.45,851.51,262.2,2.468460810121841
3,10.0,0.79,1.699387304774131,-0.3252931396790246,0.5753371674285545,2.06,2.189873417721519,1.5714285714285714,799.39,276.65,2.468460810121841
3,11.0,0.65,0.7943146208896942,-0.24618809494806987,0.8223815628005163,1.98,2.2153846153846155,1.542857142857143,842.52,288.57,2.468460810121841
3,12.0,0.85,2.090351879908904,-0.12981085211163806,0.7623493538477231,2.56,2.635294117647059,2.1333333333333333,713.64,267.67,2.468460810121841
3,13.0,0.75,1.3496479682330045,-0.03147857872358523,0.958404841660994,2.44,2.466666666666667,2.36,677.05,287.46,2.468460810121841
3,14.0,0.69,0.9920993118225493,0.028350856796766244,1.0285261606485716,1.82,1.9420289855072463,1.5483870967741935,824.71,264.43,2.468460810121841
3,15.0,0.59,0.4676987991145084,-0.2338493995572542,0.896397717507464,1.76,1.9322033898305084,1.5121951219512195,847.39,280.72,2.468460810121841
4,0.0,0.94,3.335300476176423,-0.3860986725436111,0.2758894363700747,3.05,3.148936170212766,1.5,1338.59,499.39,4.101140821169903
4,1.0,0.79,2.307096013767622,-0.9002009037480114,0.12532437327699908,2.44,2.6455696202531644,1.6666666666666667,1724.14,537.11,4.101140821169903
4,2.0,0.97,3.8811214686376942,-0.38578713972199363,0.22373639004328882,3.22,3.2577319587628866,2.0,1115.38,507.96,4.101140821169903
4,3.0,0.8,2.35922969873122,-0.8741340612662125,0.12716331954594087,2.56,2.8625,1.35,1415.04,492.95,4.101140821169903
4,4.0,0.85,2.261076157436941,-0.42423551587838304,0.3831882829941275,2.86,3.1058823529411765,1.4666666666666666,1378.37,503.35,4.101140821169903
4,5.0,0.74,1.4283338952018898,-0.46081984446514523,0.5177801211248857,2.56,2.77027027027027,1.9615384615384615,1784.97,483.07,4.101140821169903
4,6.0,0.86,2.326966808785538,-0.39129019020408434,0.4023152534204892,2.56,2.7325581395348837,1.5,1695.58,491.64,4.101140821169903
4,7.0,0.78,1.7635303535608267,-0.5233063835292195,0.39737824584586934,2.45,2.6923076923076925,1.5909090909090908,1557.4,449.62,4.101140821169903
4,8.0,0.99,4.380096784672664,-0.1362994817045089,0.5504578340046911,3.13,3.1515151515151514,1.0,1180.11,444.92,4.101140821169903
4,9.0,0.85,2.394031476645086,-0.5536703329296262,0.2656689737637269,2.63,2.835294117647059,1.4666666666666666,1416.0,495.21,4.101140821169903
4,10.0,0.87,2.969693279433758,-0.8415012343239618,0.08216707864811405,2.92,3.103448275862069,1.6923076923076923,1061.77,392.81,4.101140821169903
4,11.0,0.79,2.5282413531826915,-1.062227197449495,0.06818254215268332,2.33,2.518987341772152,1.619047619047619,1517.0,471.71,4.101140821169903
4,12.0,0.91,2.7297603866629436,-0.18989340126538168,0.5954942866359619,3.14,3.2857142857142856,1.6666666666666667,1210.53,471.63,4.101140821169903
4,13.0,0.8,2.109144864503363,-0.6961136390004877,0.2303386856682193,2.68,2.9,1.8,1443.01,486.22,4.101140821169903
4,14.0,0.73,1.6049271780615872,-0.7523100055660599,0.2989727717077553,2.37,2.643835616438356,1.6296296296296295,1455.09,474.89,4.101140821169903
4,15.0,0.65,0.9293501253181784,-0.6156442781558666,0.5643113803254666,2.27,2.5846153846153848,1.6857142857142857,1455.05,477.26,4.101140821169903
5,0.0,0.85,2.8507483867488816,-0.9009736806663999,0.07665432371859804,2.84,2.9058823529411764,2.466666666666667,334.45,534.96,2.921709725415934
5,1.0,0.63,0.8695060039666928,-0.7402337900827438,0.5253777639215529,2.61,2.8253968253968256,2.2432432432432434,382.11,563.95,2.921709725415934
5,2.0,0.83,2.521447709746331,-0.7930250557586571,0.13539332601277315,2.66,2.783132530120482,2.0588235294117645,365.79,521.57,2.921709725415934
5,3.0,0.68,1.3528801154550028,-0.8783335368693521,0.30474498198299915,2.53,2.5441176470588234,2.5,364.22,523.17,2.921709725415934
5,4.0,0.77,2.4267815945523106,-1.1129570767646855,0.06714480323386114,2.46,2.7142857142857144,1.608695652173913,411.6,506.35,2.921709725415934
5,5.0,0.65,1.3382229418107643,-1.081574600346787,0.23518379986288174,2.31,2.4307692307692306,2.085714285714286,394.9,546.47,2.921709725415934
5,6.0,0.71,1.4050715603096329,-0.7025357801548164,0.3726509662301445,2.42,2.6338028169014085,1.896551724137931,408.96,531.06,2.921709725415934
5,7.0,0.58,0.6382061601516834,-0.9624484854687587,0.5410516397679461,2.41,2.6206896551724137,2.119047619047619,401.08,547.23,2.921709725415934
5,8.0,0.85,2.636590417903039,-0.7354537016803031,0.143834753617584,2.95,3.1882352941176473,1.6,309.77,489.5,2.921709725415934
5,9.0,0.7,1.4543398740853837,-0.8276036575541617,0.3001067605536582,2.53,2.642857142857143,2.2666666666666666,426.82,512.8,2.921709725415934
5,10.0,0.72,1.9533151901203527,-1.0770913155716462,0.12197992123278416,2.66,2.861111111111111,2.142857142857143,338.97,457.77,2.921709725415934
5,11.0,0.6,0.8222300530384167,-0.9939565337904246,0.44163967977349683,2.77,3.033333333333333,2.375,373.12,523.8,2.921709725415934
5,12.0,0.74,1.800839654716903,-0.8502662438937177,0.2162774577294767,2.76,2.918918918918919,2.3076923076923075,348.03,542.38,2.921709725415934
5,13.0,0.55,0.40279357787740533,-0.9735900031273874,0.6755988469565836,2.56,2.981818181818182,2.0444444444444443,356.17,506.9,2.921709725415934
5,14.0,0.61,0.9719320873256373,-1.068807550934035,0.3538761258980479,2.25,2.459016393442623,1.9230769230769231,430.85,488.38,2.921709725415934
5,15.0,0.63,0.9926084308682279,-0.9087673448755189,0.4057369936350755,2.28,2.3968253968253967,2.081081081081081,436.69,508.92,2.921709725415934
6,0.0,0.94,3.1557576315618023,-0.17280725547126818,0.5796459370288741,3.26,3.3191489361702127,2.3333333333333335,894.5,385.93,2.629283764614483
6,1.0,0.83,1.9471800062547748,-0.20139678893870266,0.6755988469565836,2.66,2.8674698795180724,1.6470588235294117,1090.38,502.06,2.629283764614483
6,2.0,0.92,2.925672863318259,-0.28784963959303955,0.4307816717568777,2.96,3.0652173913043477,1.75,910.53,457.52,2.629283764614483
6,3.0,0.81,1.9294720730176738,-0.440335523800796,0.42757947736014806,2.61,2.876543209876543,1.4736842105263157,1021.04,443.73,2.629283764614483
6,4.0,0.87,2.2760094487543534,0.1435468411674236,1.3864048626909538,3.2,3.3333333333333335,2.3076923076923075,823.33,363.28,2.629283764614483
6,5.0,0.76,1.4397656005508548,0.19548228756738667,1.3250479840456195,2.88,3.1184210526315788,2.125,899.33,386.16,2.629283764614483
6,6.0,0.76,1.533445585317284,0.4082639994074482,1.8702098195410268,2.93,3.210526315789474,2.0416666666666665,831.28,408.93,2.629283764614483
6,7.0,0.7,1.0558085348343218,0.11544113797575603,1.1296227627864626,2.61,2.7714285714285714,2.2333333333333334,1013.87,430.62,2.629283764614483
6,8.0,0.93,3.228735702697913,0.4393810592828664,4.131519732242818,3.11,3.225806451612903,1.5714285714285714,844.82,386.11,2.629283764614483
6,9.0,0.86,2.1969166533874143,0.1830932388508933,1.4951710059532521,2.55,2.7674418604651163,1.2142857142857142,1132.07,439.73,2.629283764614483
6,10.0,0.77,1.518858395917794,0.23502868525085624,1.4290005614928694,2.71,3.051948051948052,1.565217391304348,895.58,404.82,2.629283764614483
6,11.0,0.68,1.1248332086013564,0.6125701877654119,1.9918010701591757,2.41,2.6323529411764706,1.9375,1005.36,440.3,2.629283764614483
6,12.0,0.86,2.326966808785538,-0.39129019020408434,0.4023152534204892,2.93,3.0813953488372094,2.0,857.49,447.2,2.629283764614483
6,13.0,0.72,1.2208458759422112,-0.3049421498717082,0.6891561739639063,2.63,2.8194444444444446,2.142857142857143,1011.22,404.5,2.629283764614483
6,14.0,0.69,1.0018041986441109,-0.1424433060708616,0.8670138722072653,2.72,2.7971014492753623,2.5483870967741935,928.21,459.21,2.629283764614483
6,15.0,0.61,0.5745540961727743,-0.2371234646216535,0.8726329503432855,2.37,2.622950819672131,1.9743589743589745,1005.02,472.79,2.629283764614483
7,0.0,0.9,2.7451439544619225,-0.37811409402120805,0.35417022519272395,2.55,2.533333333333333,2.7,1324.66,594.5,2.8196115125237258
7,1.0,0.72,1.3819852860560702,-0.5905589225165653,0.442133351815478,2.41,2.4305555555555554,2.357142857142857,1978.12,616.68,2.8196115125237258
7,2.0,0.86,2.909189381312057,-0.8717531833848122,0.07917496693093362,2.52,2.5232558139534884,2.5,1625.12,807.52,2.8196115125237258
7,3.0,0.7,1.4543398740853837,-0.8276036575541617,0.3001067605536582,2.5,2.4,2.7333333333333334,707.86,986.36,2.8196115125237258
7,4.0,0.65,1.5860501115173142,-1.2607238548731654,0.13539332601277315,2.22,2.3692307692307693,1.9428571428571428,1075.62,609.25,2.8196115125237258
7,5.0,0.64,1.2829872721376607,-1.1091924351833389,0.24097073685753653,2.39,2.421875,2.3333333333333335,2216.67,780.65,2.8196115125237258
7,6.0,0.63,1.2262855585441286,-1.137543291980105,0.24784470680873927,2.39,2.4603174603174605,2.27027027027027,1403.19,600.35,2.8196115125237258
7,7.0,0.6,1.0443835084120818,-1.2284943170461284,0.2771991148367957,2.34,2.35,2.325,910.99,584.12,2.8196115125237258
7,8.0,0.78,2.004033174387969,-0.7486694840581848,0.22305018618065683,2.62,2.628205128205128,2.590909090909091,968.17,680.29,2.8196115125237258
7,9.0,0.71,1.4050715603096329,-0.7025357801548164,0.3726509662301445,2.49,2.563380281690141,2.310344827586207,1399.64,595.54,2.8196115125237258
7,10.0,0.68,1.1811178450331306,-0.6909926430280351,0.442133351815478,2.43,2.485294117647059,2.3125,929.68,569.51,2.8196115125237258
7,11.0,0.63,1.0870747954823452,-1.011236196855681,0.333107711987586,2.29,2.3492063492063493,2.189189189189189,1051.7,604.75,2.8196115125237258
7,12.0,0.71,1.6502523507406994,-0.9255598958818195,0.21709778736446164,2.32,2.380281690140845,2.1724137931034484,711.6,574.56,2.8196115125237258
7,13.0,0.57,0.4476662887283054,-0.6915319434786611,0.7337583421727294,2.35,2.456140350877193,2.2093023255813953,3012.55,556.36,2.8196115125237258
7,14.0,0.63,0.7925644040679024,-0.5981756811758019,0.6224495162789379,2.12,2.2063492063492065,1.972972972972973,1491.19,1074.08,2.8196115125237258
7,15.0,0.67,0.9944578832097531,-0.4972289416048766,0.6098920890022491,2.2,2.1791044776119404,2.242424242424242,965.4,1048.02,2.8196115125237258
8,0.0,0.93,2.9598451549064864,-0.07485101714361031,0.8012779243014121,2.54,2.5483870967741935,2.4285714285714284,552.06,290.78,2.986797195545336
8,1.0,0.8,1.6875583020314988,0.0715859368270646,1.128405350722445,2.41,2.4125,2.4,590.23,324.68,2.986797195545336
8,2.0,0.81,1.7866219036550433,0.18700838898743422,1.3967013584347174,2.53,2.5308641975308643,2.526315789473684,582.36,337.63,2.986797195545336
8,3.0,0.67,0.8883222953706136,0.1386803595859094,1.1311025390904503,2.35,2.417910447761194,2.212121212121212,599.24,305.92,2.986797195545336
8,4.0,0.83,2.04841696570255,-0.38086307745835796,0.45832974371472734,2.34,2.397590361445783,2.0588235294117645,591.25,288.38,2.986797195545336
8,5.0,0.62,0.6906520180761369,-0.49629522453484587,0.7098033647319706,2.27,2.3225806451612905,2.1842105263157894,606.5,320.05,2.986797195545336
8,6.0,0.65,1.0282044624088007,-0.7674493343402,0.45425578784716697,2.22,2.292307692307692,2.085714285714286,645.91,315.32,2.986797195545336
8,7.0,0.58,0.4667124260892874,-0.5388370011440411,0.7776475141842798,2.26,2.2586206896551726,2.261904761904762,599.13,333.73,2.986797195545336
8,8.0,0.76,1.4621566823242613,-0.2633795420476225,0.680381126692428,2.31,2.3815789473684212,2.0833333333333335,507.25,295.7,2.986797195545336
8,9.0,0.76,1.4155386195816018,-0.06442390439788392,0.9128401236765824,2.4,2.4210526315789473,2.3333333333333335,573.97,277.94,2.986797195545336
8,10.0,0.63,0.7063025628400874,-0.3531512814200437,0.7792435363019227,2.09,2.1746031746031744,1.945945945945946,508.52,304.12,2.986797195545336
8,11.0,0.54,0.23088227595151206,-0.5279042674171609,0.8852512829444765,1.99,2.0185185185185186,1.9565217391304348,485.62,278.21,2.986797195545336
8,12.0,0.77,1.7105523484090304,-0.5497953861051177,0.39045061301748213,2.29,2.311688311688312,2.217391304347826,591.31,267.91,2.986797195545336
8,13.0,0.59,0.5819947537683483,-0.703460506325579,0.6640417040560226,2.31,2.3389830508474576,2.268292682926829,543.71,268.03,2.986797195545336
8,14.0,0.58,0.5559188281069152,-0.8023599267614983,0.640153690401608,1.88,1.9827586206896552,1.7380952380952381,524.6,268.94,2.986797195545336
8,15.0,0.58,0.5921452847948739,-0.8789141496686532,0.5942561227533316,1.94,2.0172413793103448,1.8333333333333333,519.34,291.09,2.986797195545336
9,0.0,0.92,3.134068251446778,-0.48671478490843334,0.21753460125176244,3.73,3.7934782608695654,3.0,667.38,291.21,3.148750865888699
9,1.0,0.78,1.7635303535608267,-0.5233063835292195,0.39737824584586934,3.6,3.6923076923076925,3.272727272727273,721.76,273.49,3.148750865888699
9,2.0,0.85,2.090351879908904,-0.12981085211163806,0.7623493538477231,3.64,3.7058823529411766,3.2666666666666666,571.21,264.2,3.148750865888699
9,3.0,0.72,1.247804986345553,-0.3705553900369767,0.6297824331768225,3.38,3.5,3.0714285714285716,893.44,333.78,3.148750865888699
9,4.0,0.85,2.636590417903039,-0.7354537016803031,0.143834753617584,3.54,3.6470588235294117,2.933333333333333,709.86,269.94,3.148750865888699
9,5.0,0.72,1.5547735945968535,-0.7773867972984267,0.2985969927098058,3.31,3.388888888888889,3.107142857142857,769.47,343.73,3.148750865888699
9,6.0,0.77,2.2047181261285997,-0.9513898475675227,0.12275725110093204,3.29,3.4025974025974026,2.9130434782608696,816.51,376.32,3.148750865888699
9,7.0,0.68,1.1811178450331306,-0.6909926430280351,0.442133351815478,3.35,3.3970588235294117,3.25,791.21,278.84,3.148750865888699
9,8.0,0.87,2.396394828169768,-0.35657618051196965,0.42549702837849757,3.81,3.9195402298850577,3.076923076923077,729.91,231.96,3.148750865888699
9,9.0,0.77,1.518858395917794,-0.23502868525085613,0.6997897880147125,3.72,3.74025974025974,3.652173913043478,743.32,245.94,3.148750865888699
9,10.0,0.73,1.2261869126641332,-0.03025194906085038,0.9635850298390874,3.3,3.4794520547945207,2.814814814814815,789.5,316.18,3.148750865888699
9,11.0,0.6,0.5244005127080407,-0.26220025635402033,0.8715361376342731,3.28,3.35,3.175,870.39,311.04,3.148750865888699
9,12.0,0.83,1.9878541283846878,-0.2876245013522565,0.5645335000919438,3.56,3.6265060240963853,3.235294117647059,680.75,263.63,3.148750865888699
9,13.0,0.68,1.0446114666744868,-0.47215214987250975,0.6106596273353808,3.42,3.5294117647058822,3.1875,703.44,296.25,3.148750865888699
9,14.0,0.7,1.1454270987065305,-0.42174433385648796,0.6168820818083595,2.98,3.1,2.7,894.33,486.08,3.148750865888699
9,15.0,0.64,0.9216396889302905,-0.7141669476009449,0.5177801211248857,2.97,3.03125,2.861111111111111,749.24,345.69,3.148750865888699
10,0.0,0.99,4.380096784672663,0.13629948170450912,1.8166695761686236,3.92,3.919191919191919,4.0,730.52,159.79,3.070305079743738
10,1.0,0.89,2.485390901124589,-0.16237610974733852,0.6679325352196298,3.51,3.6179775280898876,2.6363636363636362,1138.46,174.9,3.070305079743738
10,2.0,0.98,4.07703394529301,0.28783090139433576,3.2332775867750136,3.78,3.836734693877551,1.0,839.51,158.46,3.070305079743738
10,3.0,0.89,2.485390901124589,-0.16237610974733852,0.6679325352196298,3.14,3.247191011235955,2.272727272727273,1244.47,177.26,3.070305079743738
10,4.0,0.95,3.305459665849023,0.0979562383276581,1.3823575274392,3.03,3.0842105263157893,2.0,980.58,160.78,3.070305079743738
10,5.0,0.88,2.361870906359556,-0.10061611236482226,0.7884847064603236,2.4,2.4545454545454546,2.0,1286.94,223.46,3.070305079743738
10,6.0,0.89,2.4565383576106905,-0.053282386739255116,0.8773140746699368,2.55,2.595505617977528,2.1818181818181817,1111.73,171.87,3.070305079743738
10,7.0,0.76,1.4155386195816018,-0.06442390439788392,0.9128401236765824,2.42,2.5,2.1666666666666665,1314.06,162.68,3.070305079743738
10,8.0,0.97,3.8044349818839924,0.15153141968982686,1.7797829771520886,3.7,3.752577319587629,2.0,914.53,156.67,3.070305079743738
10,9.0,0.91,2.7297603866629436,-0.18989340126538168,0.5954942866359619,3.16,3.197802197802198,2.7777777777777777,1211.24,204.94,3.070305079743738
10,10.0,0.75,1.3496479682330045,-0.03147857872358523,0.958404841660994,2.31,2.533333333333333,1.64,1153.46,228.36,3.070305079743738
10,11.0,0.75,1.355034721459901,0.0946758534587343,1.1368815921094282,2.0,2.1866666666666665,1.44,1514.78,127.16,3.070305079743738
10,12.0,0.91,2.6866231258542332,0.06175999738251625,1.1804855503872915,2.47,2.5384615384615383,1.7777777777777777,1183.17,194.54,3.070305079743738
10,13.0,0.7,1.094968336708714,0.2941370652185572,1.3799824380904808,2.33,2.4,2.1666666666666665,1321.9,211.05,3.070305079743738
10,14.0,0.6,0.5094280087479712,0.1037447888772082,1.0542720209518794,1.79,1.95,1.55,1245.77,195.02,3.070305079743738
10,15.0,0.58,0.4037869582837016,6.938893903907228e-17,1.0,1.71,1.8103448275862069,1.5714285714285714,1252.82,142.52,3.070305079743738
11,0.0,0.98,4.107497821263646,2.220446049250313e-16,1.0000000000000009,3.64,3.663265306122449,2.5,598.39,407.35,4.011853780603274
11,1.0,0.9,2.580058352375723,-0.11504238412177137,0.7431806974529331,3.13,3.2333333333333334,2.2,816.32,465.56,4.011853780603274
11,2.0,0.93,2.9598451549064864,0.07485101714361031,1.2480064278219598,3.44,3.5161290322580645,2.4285714285714284,665.65,484.25,4.011853780603274
11,3.0,0.86,2.1969166533874143,0.1830932388508933,1.4951710059532521,2.93,3.046511627906977,2.2142857142857144,829.39,518.86,4.011853780603274
11,4.0,0.96,3.501372142504339,2.220446049250313e-16,1.0000000000000009,3.41,3.4479166666666665,2.5,616.4,431.02,4.011853780603274
11,5.0,0.85,2.074777224024709,0.04293072880260135,1.093159031194042,2.81,2.988235294117647,1.8,827.86,485.4,4.011853780603274
11,6.0,0.92,2.92567286331826,0.2878496395930398,2.3213615285015554,3.12,3.217391304347826,2.0,667.27,495.19,4.011853780603274
11,7.0,0.73,1.2738238810940077,0.2784531472958101,1.4257532474867687,2.78,2.9726027397260273,2.259259259259259,955.34,516.44,4.011853780603274
11,8.0,0.9,2.6350929354118096,0.23722712689094883,1.868461801178153,3.33,3.4444444444444446,2.3,835.6,421.24,4.011853780603274
11,9.0,0.87,2.396394828169768,0.3565761805119696,2.3501926765760106,2.57,2.632183908045977,2.1538461538461537,861.13,497.38,4.011853780603274
11,10.0,0.86,2.909189381312057,0.8717531833848122,12.630254722712117,2.85,2.9651162790697674,2.142857142857143,684.62,487.94,4.011853780603274
11,11.0,0.68,1.1248332086013564,0.6125701877654119,1.9918010701591757,2.31,2.5,1.90625,839.34,502.19,4.011853780603274
11,12.0,0.83,2.7388110034822457,0.9569423722997179,13.747875443206965,3.03,3.253012048192771,1.9411764705882353,720.22,484.55,4.011853780603274
11,13.0,0.62,1.0303730818888126,1.0395870536524472,2.918770647101872,2.62,2.903225806451613,2.1578947368421053,769.72,513.04,4.011853780603274
11,14.0,0.66,1.024017576569313,0.6629780037814337,1.9717098860515685,2.63,2.984848484848485,1.9411764705882353,827.14,503.18,4.011853780603274
11,15.0,0.57,0.5316413866731732,0.9091660987295036,1.6214978574803167,2.48,2.6666666666666665,2.2325581395348837,854.74,554.9,4.011853780603274
12,0.0,0.79,1.613814447761599,0.03471400969211469,1.0576209198157829,2.88,2.8987341772151898,2.8095238095238093,880.58,704.39,3.4316263825448186
12,1.0,0.61,0.5828415072712162,0.2914207536356081,1.1851295710870258,2.82,2.8360655737704916,2.7948717948717947,1015.54,736.2,3.4316263825448186
12,2.0,0.75,1.4804675801654876,0.4347530019833464,1.9033923181973793,3.1,3.1333333333333333,3.0,914.37,738.54,3.4316263825448186
12,3.0,0.69,0.995304636712621,0.08518918891490565,1.088487583586506,2.89,2.927536231884058,2.806451612903226,959.89,719.1,3.4316263825448186
12,4.0,0.73,1.2261869126641332,0.03025194906085038,1.0377911331468004,2.9,2.9863013698630136,2.6666666666666665,810.46,698.41,3.4316263825448186
12,5.0,0.58,0.40591450861086725,0.10252353379396376,1.0424938650621425,2.68,2.706896551724138,2.642857142857143,848.55,670.25,3.4316263825448186
12,6.0,0.77,1.5480181399294644,0.3063102708502237,1.6066862943542726,2.81,2.844155844155844,2.6956521739130435,803.84,703.01,3.4316263825448186
12,7.0,0.68,0.9596496659758871,0.22647772985214384,1.2427656734268833,2.71,2.7941176470588234,2.53125,826.74,706.56,3.4316263825448186
12,8.0,0.8,1.9672367240382584,0.5711552325777243,3.0759000224279056,3.2,3.275,2.9,807.68,737.12,3.4316263825448186
12,9.0,0.64,0.7262939918498916,0.16125351678309507,1.12425147696816,2.86,2.875,2.8333333333333335,945.9,740.89,3.4316263825448186
12,10.0,0.73,1.230703075548128,0.09095102506602337,1.118438712716625,2.87,3.0136986301369864,2.4814814814814814,851.13,737.44,3.4316263825448186
12,11.0,0.6,0.5326879238064826,0.3164975453679749,1.1836399812487286,2.69,2.85,2.45,916.91,725.52,3.4316263825448186
12,12.0,0.76,1.4621566823242615,0.2633795420476224,1.4697644610769138,2.79,2.9210526315789473,2.375,847.07,741.04,3.4316263825448186
12,13.0,0.61,0.5634323449381822,0.13074695697231367,1.076448358022358,2.7,2.721311475409836,2.6666666666666665,865.85,725.35,3.4316263825448186
12,14.0,0.72,1.200080026824108,-0.24158122016086025,0.7483258278144186,2.36,2.4027777777777777,2.25,838.86,708.64,3.4316263825448186
12,15.0,0.6,0.5094280087479712,0.1037447888772082,1.0542720209518794,2.38,2.5166666666666666,2.175,886.14,735.32,3.4316263825448186
13,0.0,0.91,2.8310054120671255,0.3351833652186069,2.5828822355912258,3.03,3.087912087912088,2.4444444444444446,679.48,529.4,3.8891151861799775
13,1.0,0.83,1.9219405743878701,0.11934905362102077,1.2578221696018101,2.58,2.7349397590361444,1.8235294117647058,755.71,500.48,3.8891151861799775
13,2.0,0.89,2.4565383576106905,-0.053282386739255116,0.8773140746699368,2.7,2.764044943820225,2.1818181818181817,643.9,609.63,3.8891151861799775
13,3.0,0.76,1.4126051256801748,-0.0,1.0,2.61,2.75,2.1666666666666665,718.69,495.15,3.8891151861799775
13,4.0,0.95,3.305459665849023,-0.09795623832765787,0.7234018552729179,2.62,2.6736842105263157,1.6,669.45,610.96,3.8891151861799775
13,5.0,0.8,1.6875583020314986,-0.07158593682706449,0.8862063613574368,2.18,2.2625,1.85,781.97,492.91,3.8891151861799775
13,6.0,0.85,2.1772647744983176,-0.31643917306047403,0.5020920222795912,2.37,2.4705882352941178,1.8,704.26,549.04,3.8891151861799775
13,7.0,0.72,1.1677459181009575,0.059472446342438146,1.071917077368703,2.15,2.2083333333333335,2.0,771.32,485.73,3.8891151861799775
13,8.0,0.9,2.6350929354118096,0.23722712689094883,1.868461801178153,2.9,2.966666666666667,2.3,660.58,568.68,3.8891151861799775
13,9.0,0.72,1.1740013619545957,0.1193018818627895,1.1503434751111612,2.26,2.388888888888889,1.9285714285714286,829.82,550.84,3.8891151861799775
13,10.0,0.78,1.558710493235731,0.13600984122494852,1.2361478439155869,2.12,2.3461538461538463,1.3181818181818181,723.33,451.28,3.8891151861799775
13,11.0,0.69,1.0018041986441109,0.1424433060708616,1.153384083064525,1.88,1.9855072463768115,1.6451612903225807,760.01,487.55,3.8891151861799775
13,12.0,0.83,1.9471800062547748,0.20139678893870266,1.4801683047636456,2.39,2.4939759036144578,1.8823529411764706,675.35,577.23,3.8891151861799775
13,13.0,0.7,1.1172585669846646,0.35673580435048163,1.4896871531169702,1.89,2.0285714285714285,1.5666666666666667,822.9,500.71,3.8891151861799775
13,14.0,0.71,1.2312885563117333,0.4646750626590892,1.7720712976287136,1.68,1.732394366197183,1.5517241379310345,672.12,419.85,3.8891151861799775
13,15.0,0.62,0.6143566085832555,0.105284825149777,1.0668201784872882,1.62,1.8225806451612903,1.2894736842105263,752.33,434.76,3.8891151861799775
14,0.0,0.99,4.380096784672663,0.13629948170450912,1.8166695761686236,3.34,3.3636363636363638,1.0,802.34,409.28,2.336524816992827
14,1.0,0.82,2.6848066672920345,0.9839445403948235,14.037058418542161,2.93,3.0121951219512195,2.5555555555555554,1097.13,440.03,2.336524816992827
14,2.0,0.92,3.320805757250594,0.6659449954155439,9.129162636457101,3.09,3.217391304347826,1.625,1061.13,468.14,2.336524816992827
14,3.0,0.73,1.6049271780615872,0.7523100055660599,3.3447861967092307,2.67,2.780821917808219,2.3703703703703702,1079.98,385.78,2.336524816992827
14,4.0,0.93,2.9598451549064864,-0.07485101714361031,0.8012779243014121,2.87,2.935483870967742,2.0,977.47,595.23,2.336524816992827
14,5.0,0.87,2.2553061328810458,0.04733372562556715,1.1126583273991288,2.57,2.67816091954023,1.8461538461538463,1317.69,517.7,2.336524816992827
14,6.0,0.79,1.63780328860267,-0.1755562389084181,0.7501166243411947,2.55,2.7468354430379747,1.8095238095238095,1212.17,377.07,2.336524816992827
14,7.0,0.81,1.766651097398438,-0.11113233451053417,0.8217393220184083,2.31,2.4074074074074074,1.894736842105263,1338.61,548.21,2.336524816992827
14,8.0,0.95,3.607899439585441,0.5223981542481202,6.584773958984664,3.15,3.231578947368421,1.6,922.45,394.8,2.336524816992827
14,9.0,0.79,1.7492503646591087,0.406926383215046,2.0376885958473823,2.45,2.721518987341772,1.4285714285714286,1165.61,303.71,2.336524816992827
14,10.0,0.9,2.745143954461923,0.37811409402120827,2.8235010423472056,2.7,2.8333333333333335,1.5,1076.75,383.82,2.336524816992827
14,11.0,0.76,1.4621566823242615,0.2633795420476224,1.4697644610769138,2.51,2.6710526315789473,2.0,1244.71,294.33,2.336524816992827
14,12.0,0.9,2.745143954461923,0.37811409402120827,2.8235010423472056,2.52,2.577777777777778,2.0,1056.3,382.1,2.336524816992827
14,13.0,0.74,1.483445044686451,0.5398290432013748,2.227337039281536,2.42,2.5675675675675675,2.0,1196.57,337.3,2.336524816992827
14,14.0,0.78,1.5443864283773696,-0.0,1.0,2.5,2.6153846153846154,2.090909090909091,1221.52,334.62,2.336524816992827
14,15.0,0.61,0.5588278912351972,-0.02606684248179883,0.985538705064416,1.89,1.9344262295081966,1.8205128205128205,1477.87,407.2,2.336524816992827
15,0.0,0.94,3.501334666106931,0.5756805409873753,7.505606200905859,3.31,3.425531914893617,1.5,457.1,437.14,3.4414105338729986
15,1.0,0.77,1.6400103587957942,0.4615463861467033,2.1317449172859075,2.91,3.168831168831169,2.0434782608695654,523.66,408.12,3.4414105338729986
15,2.0,0.89,2.8953701442047373,0.6060638385294543,5.782170571320182,3.35,3.5280898876404496,1.9090909090909092,466.23,354.67,3.4414105338729986
15,3.0,0.8,1.805952078252641,0.37857552641827985,1.9811733272418173,2.79,3.075,1.65,475.47,401.43,3.4414105338729986
15,4.0,0.92,3.134068251446779,0.48671478490843356,4.596969834893791,3.45,3.5760869565217392,2.0,435.94,333.39,3.4414105338729986
15,5.0,0.79,2.3070960137676226,0.9002009037480116,7.979293842465455,3.12,3.329113924050633,2.3333333333333335,487.89,360.56,3.4414105338729986
15,6.0,0.85,2.6365904179030393,0.7354537016803033,6.952422657591631,2.98,3.223529411764706,1.6,521.77,407.86,3.4414105338729986
15,7.0,0.73,1.5055052808211027,0.6523189198990815,2.669976253860986,2.59,2.73972602739726,2.185185185185185,514.89,412.46,3.4414105338729986
15,8.0,0.87,2.5228792854408546,0.48924642853174244,3.4360057583856927,2.95,3.0919540229885056,2.0,489.54,372.22,3.4414105338729986
15,9.0,0.74,1.5560407758064103,0.6270511724064277,2.6530692909666698,2.56,2.810810810810811,1.8461538461538463,490.57,383.1,3.4414105338729986
15,10.0,0.76,1.4397656005508548,-0.19548228756738645,0.7546896505187783,2.35,2.6973684210526314,1.25,643.35,373.06,3.4414105338729986
15,11.0,0.58,0.42396679219657113,0.3124171166097553,1.1416270511898863,1.99,2.0689655172413794,1.880952380952381,650.59,424.31,3.4414105338729986
15,12.0,0.81,1.9294720730176735,0.4403355238007961,2.338746485621678,2.76,3.0,1.736842105263158,506.46,366.62,3.4414105338729986
15,13.0,0.74,1.5560407758064103,0.6270511724064277,2.6530692909666698,2.55,2.77027027027027,1.9230769230769231,523.06,420.67,3.4414105338729986
15,14.0,0.58,0.40591450861086725,0.10252353379396376,1.0424938650621425,2.06,2.2241379310344827,1.8333333333333333,716.6,442.56,3.4414105338729986
15,15.0,0.68,0.9740866933305355,0.28514986752341703,1.3201702315247088,2.08,2.1911764705882355,1.84375,589.36,442.0,3.4414105338729986
16,0.0,0.79,1.613814447761599,-0.034714009692114745,0.9455183622636555,2.61,2.810126582278481,1.8571428571428572,1674.87,616.56,2.85307182469904
16,1.0,0.68,0.9368636421494458,0.055968691633317996,1.0538340946665512,2.53,2.661764705882353,2.25,1270.78,550.12,2.85307182469904
16,2.0,0.79,1.63780328860267,0.1755562389084181,1.3331260334061659,2.48,2.6962025316455698,1.6666666666666667,1480.54,1587.69,2.85307182469904
16,3.0,0.67,0.9081960419819382,0.25220454184911834,1.257406374670033,2.21,2.343283582089552,1.9393939393939394,1138.35,490.31,2.85307182469904
16,4.0,0.78,1.6940146949860053,0.4345442180515977,2.0878279996913993,2.09,2.217948717948718,1.6363636363636365,959.58,672.08,2.85307182469904
16,5.0,0.59,0.45645000359617477,0.07725578630131,1.035892531035793,1.94,2.0677966101694913,1.7560975609756098,1344.49,978.38,2.85307182469904
16,6.0,0.68,0.9925904490696915,0.3453260090380684,1.4088408842322278,2.21,2.3823529411764706,1.84375,1587.27,518.32,2.85307182469904
16,7.0,0.63,0.669592278256359,0.13290265998632875,1.0930703758271207,1.8,1.7936507936507937,1.8108108108108107,1388.49,504.18,2.85307182469904
16,8.0,0.81,1.7866219036550433,0.18700838898743422,1.3967013584347174,2.24,2.2222222222222223,2.3157894736842106,1456.46,517.62,2.85307182469904
16,9.0,0.59,0.5044090836982366,0.45409802099096913,1.257406374670033,2.29,2.4237288135593222,2.097560975609756,1194.6,516.02,2.85307182469904
16,10.0,0.56,0.3054807880993974,-0.1527403940496987,0.9544125525894855,1.92,2.125,1.6590909090909092,1062.96,452.47,2.85307182469904
16,11.0,0.59,0.4564500035961746,-0.07725578630131007,0.96535110548591,1.55,1.5932203389830508,1.4878048780487805,1271.34,529.98,2.85307182469904
16,12.0,0.59,0.46261671290613837,0.18115477298833554,1.0874170721807417,1.84,2.0,1.6097560975609757,1865.59,479.61,2.85307182469904
16,13.0,0.49,-0.0505354949853075,0.1257014680041235,0.993667747842376,1.84,2.0,1.6862745098039216,3513.49,464.28,2.85307182469904
16,14.0,0.53,0.15656531410934305,-0.28017613619652226,0.957082327321929,1.46,1.6603773584905661,1.2340425531914894,1989.42,502.92,2.85307182469904
16,15.0,0.57,0.355634371564131,-0.12766360231733187,0.9556136637908668,1.3,1.2280701754385965,1.3953488372093024,2903.63,627.06,2.85307182469904
17,0.0,0.62,0.6109615761987948,-0.0,1.0,3.12,3.1774193548387095,3.026315789473684,453.81,372.8,6.374172866224809
17,1.0,0.56,0.3054807880993974,0.1527403940496987,1.0477649285802328,3.24,3.232142857142857,3.25,509.61,349.57,6.374172866224809
17,2.0,0.63,0.6658102325772046,-0.07955801315280259,0.9484079528891911,2.95,3.0634920634920637,2.7567567567567566,484.1,372.7,6.374172866224809
17,3.0,0.65,0.7709219226925985,0.027002168095105472,1.0210347392606094,3.12,3.1846153846153844,3.0,474.81,347.49,6.374172866224809
17,4.0,0.64,0.756456146304821,-0.3280744896876769,0.7802242004156927,2.8,2.8125,2.7777777777777777,518.48,345.84,6.374172866224809
17,5.0,0.54,0.2074895777544164,-0.2547140043739856,0.9485218047398446,2.94,2.925925925925926,2.9565217391304346,423.17,374.72,6.374172866224809
17,6.0,0.57,0.36726507860303853,-0.28406625981298916,0.9009300888381782,2.81,2.9649122807017543,2.604651162790698,567.74,398.05,6.374172866224809
17,7.0,0.45,-0.2938394333986825,-0.5593828461407462,1.1786488482557473,2.65,2.6222222222222222,2.672727272727273,398.6,372.42,6.374172866224809
17,8.0,0.58,0.4124631294414049,-0.20623156472070245,0.9184544965729968,2.94,2.9827586206896552,2.880952380952381,474.73,380.59,6.374172866224809
17,9.0,0.59,0.4626167129061386,-0.1811547729883356,0.9196103552012177,2.72,2.7966101694915255,2.6097560975609757,546.66,325.48,6.374172866224809
17,10.0,0.59,0.5361404454735169,-0.5735510108361559,0.735280004029923,2.71,2.76271186440678,2.6341463414634148,549.56,330.52,6.374172866224809
17,11.0,0.5,0.0,-0.5244005127080407,1.0,2.66,2.58,2.74,486.01,391.06,6.374172866224809
17,12.0,0.59,0.518846111052885,-0.5127701586622423,0.7664017241257373,2.82,2.8813559322033897,2.731707317073171,500.1,322.79,6.374172866224809
17,13.0,0.55,0.2773607191718188,-0.4441611476853068,0.8840931440257632,2.79,2.8545454545454545,2.7111111111111112,525.37,327.86,6.374172866224809
17,14.0,0.5,0.0,-0.643345405392917,1.0,2.36,2.32,2.4,672.72,355.37,6.374172866224809
17,15.0,0.51,0.07374385426989949,-0.8784931607078641,0.9372703870454505,2.32,2.5098039215686274,2.122448979591837,458.16,328.78,6.374172866224809
18,0.0,0.8,1.6875583020314986,-0.07158593682706449,0.8862063613574368,3.52,3.6,3.2,478.48,324.61,3.082995927078166
18,1.0,0.76,1.4397656005508548,-0.19548228756738645,0.7546896505187783,3.47,3.486842105263158,3.4166666666666665,474.55,270.2,3.082995927078166
18,2.0,0.75,1.3496479682330045,-0.03147857872358523,0.958404841660994,2.79,2.8933333333333335,2.48,541.89,298.77,3.082995927078166
18,3.0,0.64,0.756456146304821,-0.3280744896876769,0.7802242004156927,2.99,3.0625,2.861111111111111,473.7,274.94,3.082995927078166
18,4.0,0.76,1.4927824702563606,-0.33392810568677556,0.6074520587646788,2.29,2.3552631578947367,2.0833333333333335,487.88,294.21,3.082995927078166
18,5.0,0.59,0.5361404454735169,-0.5735510108361559,0.735280004029923,2.44,2.610169491525424,2.1951219512195124,449.91,288.93,3.082995927078166
18,6.0,0.62,0.7748385527155585,-0.6929000644571766,0.5845659440576495,1.8,1.9838709677419355,1.5,479.26,229.72,3.082995927078166
18,7.0,0.46,-0.2587797263016981,-0.7122313704220653,1.2023897551684053,2.0,1.9130434782608696,2.074074074074074,412.44,270.04,3.082995927078166
18,8.0,0.83,1.92194057438787,-0.11934905362102083,0.7950249440400393,3.3,3.325301204819277,3.176470588235294,427.85,321.38,3.082995927078166
18,9.0,0.68,0.9368636421494454,-0.05596869163331797,0.948915967950738,3.15,3.2058823529411766,3.03125,509.6,317.67,3.082995927078166
18,10.0,0.74,1.3093200326874226,-0.18696121722920303,0.7828673052242155,2.08,2.1216216216216215,1.9615384615384615,436.26,255.67,3.082995927078166
18,11.0,0.61,0.5745540961727743,-0.2371234646216535,0.8726329503432855,2.01,2.180327868852459,1.7435897435897436,417.62,250.11,3.082995927078166
18,12.0,0.66,0.829881300807438,-0.10945986230432164,0.913164999003466,1.87,1.9545454545454546,1.7058823529411764,530.4,346.74,3.082995927078166
18,13.0,0.62,0.6906520180761369,-0.49629522453484587,0.7098033647319706,2.13,2.129032258064516,2.1315789473684212,455.01,308.82,3.082995927078166
18,14.0,0.6,0.6678562113735509,-0.7463912351281804,0.6074520587646788,1.29,1.2166666666666666,1.4,472.72,226.7,3.082995927078166
18,15.0,0.51,0.05844099456317553,-0.5536210099896284,0.9681636341631261,1.31,1.3137254901960784,1.3061224489795917,522.5,284.03,3.082995927078166
19,0.0,0.92,3.320805757250594,0.6659449954155439,9.129162636457101,2.92,3.032608695652174,1.625,872.35,482.05,2.915597063561353
19,1.0,0.81,2.1631492006935744,0.6691114709053824,4.251993549653618,2.65,2.925925925925926,1.4736842105263157,985.86,452.93,2.915597063561353
19,2.0,0.97,3.8811214686376942,0.38578713972199363,4.469545610378887,3.0,3.0103092783505154,2.6666666666666665,855.24,436.4,2.915597063561353
19,3.0,0.79,1.8175346897510378,0.49630421543411396,2.4646507853296993,2.43,2.5949367088607596,1.8095238095238095,1044.56,433.31,2.915597063561353
19,4.0,0.9,2.6350929354118096,-0.23722712689094883,0.5351995953941648,2.8,2.9,1.9,1001.45,450.09,2.915597063561353
19,5.0,0.79,1.663160848086172,0.24873891677186982,1.512392490552913,2.21,2.367088607594937,1.619047619047619,1245.41,424.79,2.915597063561353
19,6.0,0.86,2.169444675275843,0.0902644544281685,1.2163124992296148,2.47,2.5697674418604652,1.8571428571428572,1070.16,432.61,2.915597063561353
19,7.0,0.66,0.836188610407016,0.16474720206770824,1.1476997638733226,2.05,2.287878787878788,1.588235294117647,1370.03,510.57,2.915597063561353
19,8.0,0.98,4.07703394529301,0.28783090139433576,3.2332775867750136,2.9,2.9081632653061225,2.5,949.74,515.06,2.915597063561353
19,9.0,0.75,1.3660217462809547,0.15861036043243676,1.2419282368602313,2.24,2.4,1.76,1092.62,419.18,2.915597063561353
19,10.0,0.86,2.169444675275843,0.0902644544281685,1.2163124992296148,2.25,2.395348837209302,1.3571428571428572,1140.26,486.86,2.915597063561353
19,11.0,0.68,0.9596496659758871,-0.22647772985214384,0.8046569207552496,2.0,2.25,1.46875,1084.13,416.39,2.915597063561353
19,12.0,0.82,1.9248969709375174,-0.3191030800758417,0.5410516397679461,2.45,2.6707317073170733,1.4444444444444444,1018.23,422.52,2.915597063561353
19,13.0,0.75,1.5348986686804,-0.5141022312044004,0.45425578784716697,2.26,2.3866666666666667,1.88,1122.55,459.42,2.915597063561353
19,14.0,0.68,1.1248332086013564,-0.6125701877654119,0.5020581698553283,1.85,1.9705882352941178,1.59375,1183.36,416.57,2.915597063561353
19,15.0,0.63,0.8269722376791562,-0.6668332219753778,0.5761123635313337,1.67,1.873015873015873,1.3243243243243243,1220.78,439.97,2.915597063561353
20,0.0,0.89,2.6660511590949834,-0.4176604917046776,0.3284061291132976,3.56,3.6179775280898876,3.090909090909091,552.88,220.38,2.520656927724424
20,1.0,0.83,1.9471800062547748,-0.20139678893870266,0.6755988469565836,3.23,3.325301204819277,2.764705882352941,736.68,250.97,2.520656927724424
20,2.0,0.88,2.4701386824396674,-0.31970425337701974,0.4539746846369364,3.4,3.5454545454545454,2.3333333333333335,603.44,235.67,2.520656927724424
20,3.0,0.74,1.4283338952018898,-0.46081984446514523,0.5177801211248857,3.21,3.2837837837837838,3.0,694.81,239.59,2.520656927724424
20,4.0,0.8,2.5796949771766404,-1.0365003854525205,0.06898578306205225,3.4,3.5375,2.85,560.07,246.83,2.520656927724424
20,5.0,0.72,1.7005324877874355,-0.9004198273584515,0.2162774577294767,2.93,3.0555555555555554,2.607142857142857,649.88,252.75,2.520656927724424
20,6.0,0.66,1.0240175765693127,-0.6629780037814338,0.5071740051993865,3.08,3.272727272727273,2.7058823529411766,568.66,228.76,2.520656927724424
20,7.0,0.63,0.7411875130614444,-0.4710274770421921,0.7053087108441578,2.9,2.9047619047619047,2.891891891891892,522.22,240.41,2.520656927724424
20,8.0,0.91,2.7297603866629436,-0.18989340126538168,0.5954942866359619,3.74,3.769230769230769,3.4444444444444446,599.37,239.14,2.520656927724424
20,9.0,0.84,2.1981189999897706,-0.45571409460196827,0.36724950568933495,3.39,3.4761904761904763,2.9375,567.33,250.9,2.520656927724424
20,10.0,0.87,2.396394828169768,-0.35657618051196965,0.42549702837849757,3.29,3.4597701149425286,2.1538461538461537,603.26,233.7,2.520656927724424
20,11.0,0.7,1.1807530613264257,-0.48994281015174307,0.5607380183698287,3.1,3.1857142857142855,2.9,642.36,266.94,2.520656927724424
20,12.0,0.81,1.766651097398438,-0.11113233451053417,0.8217393220184083,3.32,3.4444444444444446,2.789473684210526,527.22,227.33,2.520656927724424
20,13.0,0.66,0.8452388845347678,-0.22072596312553305,0.829803654632527,3.16,3.272727272727273,2.9411764705882355,600.98,271.9,2.520656927724424
20,14.0,0.73,1.2999386713091505,-0.3444885475551779,0.6390235410750906,2.95,2.9452054794520546,2.962962962962963,601.94,225.19,2.520656927724424
20,15.0,0.62,0.7411107800739534,-0.6239024931727765,0.6297824331768225,2.95,3.096774193548387,2.710526315789474,578.99,268.69,2.520656927724424
21,0.0,0.87,2.522879285440854,-0.4892464285317422,0.291035600728976,3.38,3.528735632183908,2.3846153846153846,636.78,197.15,2.63276317892847
21,1.0,0.7,1.4543398740853837,-0.8276036575541617,0.3001067605536582,3.11,3.3285714285714287,2.6,561.66,191.73,2.63276317892847
21,2.0,0.79,1.699387304774131,-0.3252931396790246,0.5753371674285545,3.18,3.3037974683544302,2.7142857142857144,499.35,175.11,2.63276317892847
21,3.0,0.75,1.406921012651158,-0.2909973768841742,0.6640417040560225,2.91,3.08,2.4,613.3,212.65,2.63276317892847
21,4.0,0.79,1.8175346897510376,-0.49630421543411407,0.4057369936350755,3.12,3.3797468354430378,2.142857142857143,562.19,227.94,2.63276317892847
21,5.0,0.72,1.3819852860560702,-0.5905589225165653,0.442133351815478,2.79,2.9166666666666665,2.4642857142857144,542.62,219.89,2.63276317892847
21,6.0,0.71,1.196351362351604,-0.39628220203395115,0.6224495162789377,2.96,3.140845070422535,2.5172413793103448,700.65,208.68,2.63276317892847
21,7.0,0.63,0.7220396307239512,-0.4111733988267092,0.7431305901674997,2.71,2.8412698412698414,2.4864864864864864,511.47,197.2,2.63276317892847
21,8.0,0.78,1.694014694986005,-0.4345442180515978,0.47896665824378704,3.15,3.2948717948717947,2.6363636363636362,514.01,187.95,2.63276317892847
21,9.0,0.64,0.7914676501081807,-0.44588740851882397,0.702643618563198,2.82,2.890625,2.6944444444444446,502.2,203.76,2.63276317892847
21,10.0,0.73,1.376880271207941,-0.48654665646211964,0.511751311174705,2.64,2.8493150684931505,2.074074074074074,485.4,190.4,2.63276317892847
21,11.0,0.65,0.8940241626982832,-0.5474458018606115,0.6129758289148289,2.87,2.876923076923077,2.857142857142857,518.11,207.33,2.63276317892847
21,12.0,0.82,1.8812893549061775,-0.23434211461300136,0.6434793609168218,3.02,3.158536585365854,2.388888888888889,564.59,281.92,2.63276317892847
21,13.0,0.6,0.55533334734331,-0.4286358891684324,0.7881744714807496,2.82,3.0,2.55,681.71,228.02,2.63276317892847
21,14.0,0.64,0.7914676501081807,-0.44588740851882397,0.702643618563198,2.29,2.515625,1.8888888888888888,487.89,213.1,2.63276317892847
21,15.0,0.63,0.6934989888576506,-0.29659591096409166,0.8140862467509037,2.31,2.492063492063492,2.0,505.68,194.61,2.63276317892847
22,0.0,0.89,3.0985410882295255,0.777077329926078,11.109560406618334,3.07,3.0786516853932584,3.0,1290.36,133.93,3.4688407953469502
22,1.0,0.71,1.9027796951350457,1.1023590630643,8.146158300480291,2.95,2.943661971830986,2.9655172413793105,486.23,140.81,3.4688407953469502
22,2.0,0.81,2.4122077038830168,0.8476450586903146,7.726808772868034,3.01,3.049382716049383,2.8421052631578947,475.45,159.5,3.4688407953469502
22,3.0,0.74,2.053748910631823,1.0268744553159115,8.23952168220729,2.93,2.9054054054054053,3.0,497.25,120.54,3.4688407953469502
22,4.0,0.77,2.2047181261286,0.9513898475675228,8.146158300480291,2.99,3.012987012987013,2.9130434782608696,2076.31,141.48,3.4688407953469502
22,5.0,0.71,1.9027796951350457,1.1023590630643,8.146158300480291,2.88,2.9014084507042255,2.8275862068965516,452.15,118.27,3.4688407953469502
22,6.0,0.71,1.5046200111321197,0.8024635890307936,3.3447861967092307,2.75,2.7746478873239435,2.689655172413793,498.31,123.68,3.4688407953469502
22,7.0,0.63,1.0870747954823452,1.011236196855681,3.0020319674774365,2.88,2.9206349206349205,2.810810810810811,467.75,150.96,3.4688407953469502
22,8.0,0.84,2.5781494233398634,0.7646741989618911,7.1810409028647895,2.95,3.011904761904762,2.625,455.8,130.11,3.4688407953469502
22,9.0,0.75,2.3263478740408408,1.1631739370204204,14.968488362247689,2.92,2.933333333333333,2.88,497.31,129.13,3.4688407953469502
22,10.0,0.76,1.9016552867489471,0.7998584278776961,4.5770514748462965,2.93,2.986842105263158,2.75,506.62,146.78,3.4688407953469502
22,11.0,0.65,0.9730933129242393,0.6884401356039705,1.954074133595358,2.81,2.8461538461538463,2.742857142857143,460.2,133.04,3.4688407953469502
22,12.0,0.76,1.9016552867489471,0.7998584278776961,4.5770514748462965,2.83,2.8157894736842106,2.875,440.12,117.12,3.4688407953469502
22,13.0,0.7,1.5997168557553925,0.9508276433744735,4.5770514748462965,2.76,2.742857142857143,2.8,699.87,155.54,3.4688407953469502
22,14.0,0.56,0.3597300847472801,0.5923281718150448,1.2374814970191712,2.65,2.6607142857142856,2.6363636363636362,482.74,458.23,3.4688407953469502
22,15.0,0.6,0.5882741304371144,0.547484168354357,1.3799824380904808,2.56,2.5,2.65,489.58,145.46,3.4688407953469502
23,0.0,0.84,2.1113741231497203,-0.34938449873477273,0.4782214402427312,3.51,3.6547619047619047,2.75,418.0,174.35,3.538743509973051
23,1.0,0.74,2.276194290576107,-1.1882507287527873,0.06689108866312947,3.19,3.324324324324324,2.8076923076923075,517.84,228.14,3.538743509973051
23,2.0,0.89,3.0985410882295255,-0.777077329926078,0.09001256245965114,3.45,3.561797752808989,2.5454545454545454,451.6,201.12,3.538743509973051
23,3.0,0.65,1.3382229418107643,-1.081574600346787,0.23518379986288174,3.27,3.3230769230769233,3.1714285714285713,574.83,238.54,3.538743509973051
23,4.0,0.83,2.27508658396021,-0.6131427792720642,0.24784470680873932,3.18,3.3373493975903616,2.411764705882353,1432.09,198.33,3.538743509973051
23,5.0,0.65,1.3382229418107643,-1.081574600346787,0.23518379986288174,3.13,3.3076923076923075,2.8,566.62,248.92,3.538743509973051
23,6.0,0.72,1.7005324877874355,-0.9004198273584515,0.2162774577294767,2.95,3.0694444444444446,2.642857142857143,638.0,228.99,3.538743509973051
23,7.0,0.62,0.8690884361031954,-0.8470073474930027,0.4789666582437871,2.82,3.064516129032258,2.4210526315789473,541.67,259.01,3.538743509973051
23,8.0,0.78,2.004033174387969,-0.7486694840581848,0.22305018618065683,3.22,3.282051282051282,3.0,708.98,243.21,3.538743509973051
23,9.0,0.63,1.0870747954823452,-1.011236196855681,0.333107711987586,3.09,3.365079365079365,2.6216216216216215,522.9,210.37,3.538743509973051
23,10.0,0.86,2.326966808785538,-0.39129019020408434,0.4023152534204892,3.04,3.116279069767442,2.5714285714285716,496.61,214.58,3.538743509973051
23,11.0,0.64,1.1423104651554485,-0.9836183620191292,0.3251080960722086,2.74,3.0,2.2777777777777777,1007.33,247.5,3.538743509973051
23,12.0,0.82,2.466212040073227,-0.8206428905952089,0.13214184138293658,2.96,3.158536585365854,2.0555555555555554,590.82,281.79,3.538743509973051
23,13.0,0.67,1.2031780811677821,-0.8034825197257418,0.3803236963612702,2.75,2.925373134328358,2.393939393939394,674.34,372.87,3.538743509973051
23,14.0,0.6,0.6678562113735509,-0.7463912351281804,0.6074520587646788,2.28,2.4166666666666665,2.075,733.84,228.22,3.538743509973051
23,15.0,0.61,0.7625236626246852,-0.7937249607537475,0.5459466251285026,2.12,2.1475409836065573,2.076923076923077,483.68,237.69,3.538743509973051
24,0.0,0.83,2.13761510186807,-0.48596604366281865,0.3538761258980479,3.5,3.5783132530120483,3.1176470588235294,535.6,266.51,4.287211285040312
24,1.0,0.71,1.4050715603096329,-0.7025357801548164,0.3726509662301445,3.4,3.3943661971830985,3.413793103448276,542.43,246.73,4.287211285040312
24,2.0,0.74,2.276194290576107,-1.1882507287527873,0.06689108866312947,3.23,3.4594594594594597,2.576923076923077,673.38,289.51,4.287211285040312
24,3.0,0.69,1.2313979820798666,-0.6658525745046671,0.44046269871710925,2.91,3.1449275362318843,2.3870967741935485,572.21,270.05,4.287211285040312
24,4.0,0.71,1.6502523507406994,-0.9255598958818195,0.21709778736446164,2.25,2.535211267605634,1.5517241379310345,516.67,260.04,4.287211285040312
24,5.0,0.53,0.18190205013204674,-0.615351537774064,0.8941035289909234,2.04,2.1320754716981134,1.9361702127659575,515.07,223.93,4.287211285040312
24,6.0,0.53,0.2870936823348472,-1.1380047243771767,0.7212900263917439,1.4,1.490566037735849,1.297872340425532,469.9,238.77,4.287211285040312
24,7.0,0.49,-0.0946674512511343,-1.1276530664405229,1.1126583273991288,1.5,1.5510204081632653,1.4509803921568627,404.83,227.58,4.287211285040312
24,8.0,0.72,2.1753786585440635,-1.238658544768809,0.06757269054938898,3.3,3.3055555555555554,3.2857142857142856,650.13,298.0,4.287211285040312
24,9.0,0.72,1.9533151901203527,-1.0770913155716462,0.12197992123278416,3.32,3.3194444444444446,3.3214285714285716,513.27,313.57,4.287211285040312
24,10.0,0.55,0.6703667304372134,-1.4155027060335625,0.3871643802494539,1.42,1.5454545454545454,1.2666666666666666,507.25,239.54,4.287211285040312
24,11.0,0.57,1.0592910274220695,-1.5241033969207878,0.19899629884057446,1.74,1.894736842105263,1.5348837209302326,421.94,244.22,4.287211285040312
24,12.0,0.62,1.0303730818888128,-1.039587053652447,0.3426099960930221,1.59,1.7419354838709677,1.3421052631578947,430.73,225.36,4.287211285040312
24,13.0,0.58,1.1383838227890086,-1.4845569992373182,0.18452032260629633,1.76,1.8620689655172413,1.619047619047619,493.95,246.24,4.287211285040312
24,14.0,0.51,0.14970203428722062,-1.4799225774532432,0.8012779243014121,1.17,1.2156862745098038,1.1224489795918366,457.33,173.88,4.287211285040312
24,15.0,0.5,0.0,-2.0537489106318225,1.0,1.1,1.16,1.04,413.54,231.22,4.287211285040312
25,0.0,0.98,4.07703394529301,-0.28783090139433554,0.30928368293841313,3.43,3.438775510204082,3.0,545.06,428.87,3.580025804035002
25,1.0,0.79,1.663160848086172,-0.24873891677186982,0.6612040235894134,3.22,3.2025316455696204,3.2857142857142856,575.56,428.58,3.580025804035002
25,2.0,0.89,2.5492314778066065,-0.2801578556935502,0.48958987678999827,3.23,3.2808988764044944,2.8181818181818183,580.4,514.0,3.580025804035002
25,3.0,0.82,1.8360791167826673,0.07641832481841943,1.1506305429576051,3.23,3.268292682926829,3.0555555555555554,626.35,442.68,3.580025804035002
25,4.0,0.93,2.9598451549064864,0.07485101714361031,1.2480064278219598,3.25,3.2580645161290325,3.142857142857143,752.67,420.94,3.580025804035002
25,5.0,0.81,1.756986321415728,-0.0368719271349498,0.9372703870454504,3.09,3.1481481481481484,2.8421052631578947,688.68,460.06,3.580025804035002
25,6.0,0.83,1.909822971052567,0.03954639768346968,1.0784519343441914,3.17,3.2048192771084336,3.0,652.79,421.35,3.580025804035002
25,7.0,0.66,0.8452388845347677,0.2207259631255331,1.2051043574191576,2.99,3.0,2.9705882352941178,733.59,448.7,3.580025804035002
25,8.0,0.87,2.3204366481524468,0.24485323623340954,1.765027767885845,3.27,3.32183908045977,2.923076923076923,543.17,439.32,3.580025804035002
25,9.0,0.84,1.9956844286577695,0.08247712648607103,1.1789194717370368,3.23,3.261904761904762,3.0625,665.67,433.61,3.580025804035002
25,10.0,0.83,1.9219405743878701,0.11934905362102077,1.2578221696018101,3.15,3.180722891566265,3.0,621.51,432.63,3.580025804035002
25,11.0,0.72,1.2208458759422114,0.3049421498717083,1.4510499038964917,3.23,3.1527777777777777,3.4285714285714284,662.9,446.83,3.580025804035002
25,12.0,0.8,1.7007604460498404,0.14407766018483287,1.2776744449607855,3.04,3.1125,2.75,676.81,474.97,3.580025804035002
25,13.0,0.75,1.355034721459901,-0.0946758534587343,0.8795990778112159,3.08,3.1466666666666665,2.88,770.03,481.11,3.580025804035002
25,14.0,0.51,0.050280137046736215,-0.07529365198810178,0.9962213818715354,2.7,2.784313725490196,2.6122448979591835,715.06,423.53,3.580025804035002
25,15.0,0.58,0.40591450861086725,0.10252353379396376,1.0424938650621425,2.75,2.810344827586207,2.6666666666666665,1144.18,439.39,3.580025804035002
26,0.0,0.79,1.613814447761599,-0.034714009692114745,0.9455183622636555,1.4,1.4050632911392404,1.380952380952381,556.34,309.81,2.620625473689182
26,1.0,0.67,0.942054954084384,-0.3705937565307223,0.7053087108441577,1.27,1.3432835820895523,1.121212121212121,535.58,336.54,2.620625473689182
26,2.0,0.72,1.3259560075628674,-0.5120087882846565,0.5071740051993865,1.28,1.3333333333333333,1.1428571428571428,469.03,297.36,2.620625473689182
26,3.0,0.67,0.942054954084384,-0.3705937565307223,0.7053087108441577,1.27,1.2537313432835822,1.303030303030303,512.35,437.51,2.620625473689182
26,4.0,0.77,1.7105523484090304,-0.5497953861051177,0.39045061301748213,1.28,1.2857142857142858,1.2608695652173914,526.25,322.87,2.620625473689182
26,5.0,0.6,0.517852382579242,-0.20877260782488738,0.897525818072015,1.31,1.3166666666666667,1.3,533.91,317.54,2.620625473689182
26,6.0,0.61,0.813852766430092,-0.8746251823295543,0.49075212082842584,1.19,1.2459016393442623,1.1025641025641026,440.76,292.91,2.620625473689182
26,7.0,0.54,0.30812612662627104,-0.9262562775018204,0.7517106830474923,1.14,1.1666666666666667,1.108695652173913,584.6,295.17,2.620625473689182
26,8.0,0.82,1.8525125550036408,-0.15406306331313552,0.7517106830474923,1.31,1.3414634146341464,1.1666666666666667,605.11,376.08,2.620625473689182
26,9.0,0.61,0.5931918219281833,-0.3467494944288253,0.8140862467509037,1.23,1.2950819672131149,1.1282051282051282,529.81,318.09,2.620625473689182
26,10.0,0.72,1.3259560075628674,-0.5120087882846565,0.5071740051993865,1.22,1.2083333333333333,1.25,478.47,335.79,2.620625473689182
26,11.0,0.59,0.518846111052885,-0.5127701586622423,0.7664017241257373,1.22,1.2203389830508475,1.2195121951219512,574.14,347.87,2.620625473689182
26,12.0,0.69,1.0948916037212229,-0.4470120813491417,0.6129758289148289,1.28,1.2753623188405796,1.2903225806451613,487.98,310.76,2.620625473689182
26,13.0,0.63,0.7643958723460365,-0.5331671516697956,0.665277674388497,1.19,1.2222222222222223,1.135135135135135,536.8,318.41,2.620625473689182
26,14.0,0.61,1.1073406658592524,-1.197015738322543,0.2656689737637269,1.1,1.1147540983606556,1.0769230769230769,503.32,320.03,2.620625473689182
26,15.0,0.55,0.37401677797486843,-0.8933109518275216,0.7159726694335713,1.09,1.1272727272727272,1.0444444444444445,476.68,344.47,2.620625473689182
27,0.0,0.95,3.458820470941456,0.32433867516109505,3.0704657161487727,3.32,3.389473684210526,2.0,501.72,207.12,2.83809158813893
27,1.0,0.89,2.6660511590949834,0.41766049170467795,3.0450101607421844,2.75,2.853932584269663,1.9090909090909092,610.9,233.14,2.83809158813893
27,2.0,0.97,3.8044349818839924,0.15153141968982686,1.7797829771520886,3.1,3.1443298969072164,1.6666666666666667,530.22,217.84,2.83809158813893
27,3.0,0.75,1.3496479682330045,0.03147857872358523,1.0434004050594299,2.45,2.6133333333333333,1.96,611.73,207.99,2.83809158813893
27,4.0,0.93,3.0322376367967694,-0.23456725285378444,0.4910233224275427,2.73,2.774193548387097,2.142857142857143,575.39,191.07,2.83809158813893
27,5.0,0.77,1.478495777028772,-0.0329453256742987,0.9524577547986461,2.34,2.4025974025974026,2.130434782608696,613.97,208.98,2.83809158813893
27,6.0,0.81,1.8643930728158167,-0.3493550291366921,0.5213492604502835,2.35,2.4814814814814814,1.7894736842105263,714.63,208.92,2.83809158813893
27,7.0,0.63,0.6934989888576506,-0.29659591096409166,0.8140862467509037,2.18,2.1904761904761907,2.1621621621621623,712.69,184.7,2.83809158813893
27,8.0,0.96,3.6085225052286765,0.24948765801748474,2.4602963956743373,3.03,3.0833333333333335,1.75,596.85,181.31,2.83809158813893
27,9.0,0.82,1.9879130675808492,0.41111502651920834,2.2642892969057233,2.41,2.5609756097560976,1.7222222222222223,609.42,181.6,2.83809158813893
27,10.0,0.91,2.7297603866629436,0.18989340126538168,1.6792772364772002,2.56,2.6373626373626373,1.7777777777777777,540.13,204.42,2.83809158813893
27,11.0,0.66,0.8249262588828097,-8.326672684688674e-17,0.9999999999999999,1.99,2.0454545454545454,1.8823529411764706,740.78,191.25,2.83809158813893
27,12.0,0.82,1.8360791167826673,-0.07641832481841948,0.8690886976019068,2.39,2.5365853658536586,1.7222222222222223,606.91,190.49,2.83809158813893
27,13.0,0.76,1.4397656005508548,0.19548228756738667,1.3250479840456195,2.07,2.1578947368421053,1.7916666666666667,761.37,193.1,2.83809158813893
27,14.0,0.66,0.829881300807438,-0.10945986230432164,0.913164999003466,1.73,1.7878787878787878,1.6176470588235294,722.2,165.96,2.83809158813893
27,15.0,0.63,0.6753697282048179,-0.18671564860563172,0.8815248412790359,1.55,1.5238095238095237,1.5945945945945945,786.27,174.76,2.83809158813893
28,0.0,0.93,2.9598451549064864,-0.07485101714361031,0.8012779243014121,2.65,2.6989247311827955,2.0,655.39,413.95,2.946059578187266
28,1.0,0.83,1.9471800062547748,-0.20139678893870266,0.6755988469565836,2.23,2.36144578313253,1.588235294117647,717.16,399.73,2.946059578187266
28,2.0,0.93,2.9598451549064864,-0.07485101714361031,0.8012779243014121,2.74,2.849462365591398,1.2857142857142858,603.64,361.0,2.946059578187266
28,3.0,0.79,1.7492503646591087,-0.40692638321504604,0.4907521208284258,2.14,2.2658227848101267,1.6666666666666667,658.11,368.39,2.946059578187266
28,4.0,0.86,2.456988634092257,-0.5221917542060409,0.2771991148367957,2.54,2.7093023255813953,1.5,699.33,393.85,2.946059578187266
28,5.0,0.76,1.5870323536439979,-0.4880353887226015,0.46092130680699767,2.16,2.3026315789473686,1.7083333333333333,697.37,352.35,2.946059578187266
28,6.0,0.89,2.6660511590949834,-0.4176604917046776,0.3284061291132976,2.38,2.50561797752809,1.3636363636363635,718.12,392.45,2.946059578187266
28,7.0,0.65,0.9730933129242394,-0.6884401356039704,0.511751311174705,2.06,2.292307692307692,1.6285714285714286,761.26,446.62,2.946059578187266
28,8.0,0.98,4.07703394529301,-0.28783090139433554,0.30928368293841313,2.96,2.989795918367347,1.5,620.64,363.97,2.946059578187266
28,9.0,0.84,1.99568442865777,-0.08247712648607092,0.8482343569460142,2.3,2.4285714285714284,1.625,753.63,357.19,2.946059578187266
28,10.0,0.84,1.99568442865777,-0.08247712648607092,0.8482343569460142,2.34,2.488095238095238,1.5625,769.96,362.68,2.946059578187266
28,11.0,0.73,1.254084363014319,0.21457905206575464,1.3087863191324278,2.29,2.4794520547945207,1.7777777777777777,797.53,376.27,2.946059578187266
28,12.0,0.86,2.1969166533874143,0.1830932388508933,1.4951710059532521,2.55,2.63953488372093,2.0,680.03,379.02,2.946059578187266
28,13.0,0.67,0.8828593059592345,-0.08297085972842344,0.929366975934534,2.11,2.4029850746268657,1.5151515151515151,831.69,323.7,2.946059578187266
28,14.0,0.71,1.1110442045074251,-0.08782330313920436,0.9070337926318945,2.13,2.3943661971830985,1.4827586206896552,827.72,355.39,2.946059578187266
28,15.0,0.71,1.1187656922814921,-0.14691971669934134,0.8484291156605928,1.87,1.9577464788732395,1.6551724137931034,903.91,390.58,2.946059578187266
29,0.0,0.98,4.107497821263646,2.220446049250313e-16,1.0000000000000009,3.25,3.2857142857142856,1.5,829.76,319.9,3.233837222488649
29,1.0,0.85,2.1231727991175147,0.21996516598584304,1.595239779917156,2.59,2.776470588235294,1.5333333333333334,1491.47,337.87,3.233837222488649
29,2.0,0.95,3.458820470941456,0.32433867516109505,3.0704657161487727,2.84,2.8947368421052633,1.8,1086.09,378.6,3.233837222488649
29,3.0,0.82,1.8525125550036408,0.15406306331313552,1.3302990399789503,2.43,2.597560975609756,1.6666666666666667,1911.14,462.41,3.233837222488649
29,4.0,0.89,2.4565383576106905,0.053282386739255116,1.1398426502803116,2.43,2.5842696629213484,1.1818181818181819,1315.34,364.21,3.233837222488649
29,5.0,0.84,1.9889157664195063,-0.0,1.0,2.1,2.261904761904762,1.25,1477.65,364.53,3.233837222488649
29,6.0,0.89,2.4565383576106905,-0.053282386739255116,0.8773140746699368,2.15,2.258426966292135,1.2727272727272727,1508.72,407.9,3.233837222488649
29,7.0,0.75,1.3496479682330045,-0.03147857872358523,0.958404841660994,1.76,1.8666666666666667,1.44,1787.16,420.5,3.233837222488649
29,8.0,0.95,3.607899439585441,0.5223981542481202,6.584773958984664,3.11,3.1789473684210527,1.8,757.64,349.69,3.233837222488649
29,9.0,0.75,2.1039024940965567,1.0017976635835446,8.229165424064993,2.56,2.8266666666666667,1.76,1394.38,402.57,3.233837222488649
29,10.0,0.87,2.5228792854408546,0.48924642853174244,3.4360057583856927,2.31,2.425287356321839,1.5384615384615385,1304.51,363.64,3.233837222488649
29,11.0,0.73,1.6049271780615872,0.7523100055660599,3.3447861967092307,2.06,2.219178082191781,1.6296296296296295,1737.33,325.93,3.233837222488649
29,12.0,0.9,2.745143954461923,0.37811409402120827,2.8235010423472056,2.32,2.433333333333333,1.3,1048.09,436.39,3.233837222488649
29,13.0,0.72,1.3819852860560702,0.5905589225165653,2.2617610634751313,2.01,2.1944444444444446,1.5357142857142858,1545.81,341.16,3.233837222488649
29,14.0,0.69,1.043514712714765,0.3198638772155317,1.3962396545785776,1.54,1.6666666666666667,1.2580645161290323,1617.47,326.88,3.233837222488649
29,15.0,0.6,0.5244005127080409,0.26220025635402044,1.147399352497802,1.61,1.7833333333333334,1.35,1881.61,365.71,3.233837222488649
