subj_no,stim_cond,percept_acc,d-prime,c,beta,conf_resp,c_conf_resp,ic_conf_resp,percept_rt,c_rt,ic_rt,conf_rt,threshold,exp_cond
1,1.0,0.5972222222222222,0.5197708775313227,-0.32957035908411697,0.8425678593729145,1.9444444444444444,2.116279069767442,1.6896551724137931,687.4305555555555,650.2558139534884,742.551724137931,140.80555555555554,2.931591329751752,size_low
1,2.0,0.7916666666666666,1.6747807059265372,-0.24793455511349027,0.6601844526886173,2.5,2.543859649122807,2.3333333333333335,674.7916666666666,662.3684210526316,722.0,133.63888888888889,2.931591329751752,size_high
1,3.0,0.7361111111111112,1.2923614194696298,-0.21545341043935737,0.7569609021108864,2.4583333333333335,2.452830188679245,2.473684210526316,783.9027777777778,782.3962264150944,788.1052631578947,152.76388888888889,2.931591329751752,dur_low
1,4.0,0.7638888888888888,1.4391994239824688,0.0451099617951527,1.0670760357546045,2.4722222222222223,2.6,2.0588235294117645,406.18055555555554,425.2181818181818,344.5882352941176,169.56944444444446,2.931591329751752,dur_high
1,5.0,0.6111111111111112,0.729834490237228,-0.7204076629581448,0.5910951008024863,1.3888888888888888,1.4318181818181819,1.3214285714285714,626.5138888888889,636.8863636363636,610.2142857142857,111.40277777777777,2.931591329751752,noise_high
1,6.0,0.6944444444444444,1.2206403488473496,-0.6103201744236748,0.47474311554475856,2.1527777777777777,2.26,1.9090909090909092,685.7361111111111,662.02,739.6363636363636,148.23611111111111,2.931591329751752,noise_low
1,7.0,0.5833333333333334,0.4208567884958495,-6.938893903907228e-17,1.0,2.2222222222222223,2.3333333333333335,2.066666666666667,622.2083333333334,600.7619047619048,652.2333333333333,131.45833333333334,2.931591329751752,tilt_low
1,8.0,0.9166666666666666,2.7659882542012766,-0.0,1.0,2.7083333333333335,2.742424242424242,2.3333333333333335,592.9166666666666,575.939393939394,779.6666666666666,164.05555555555554,2.931591329751752,tilt_high
1,9.0,0.7291666666666666,1.2208576920895393,-0.02097304819499135,0.9747199234844586,2.388888888888889,2.3904761904761904,2.3846153846153846,656.3055555555555,662.6095238095238,639.3333333333334,131.73611111111111,2.931591329751752,baseline
2,1.0,0.6666666666666666,0.9313190404926279,0.39597459992785833,1.4459675531762861,2.486111111111111,2.625,2.2083333333333335,780.5416666666666,760.1041666666666,821.4166666666666,559.125,2.1658149600973897,size_low
2,2.0,0.7777777777777778,1.7384845449401691,0.5137518546305537,2.4428115711868106,2.7083333333333335,2.7857142857142856,2.4375,736.1388888888889,719.9642857142857,792.75,495.06944444444446,2.1658149600973897,size_high
2,3.0,0.75,1.593422521348563,0.5862828664263567,2.5451671438894286,2.6527777777777777,2.8333333333333335,2.111111111111111,936.7361111111111,879.925925925926,1107.1666666666667,541.2777777777778,2.1658149600973897,dur_low
2,4.0,0.7638888888888888,1.6652102741631465,0.550388990019065,2.50055673471118,2.9305555555555554,3.109090909090909,2.3529411764705883,607.1944444444445,598.5818181818182,635.0588235294117,560.4444444444445,2.1658149600973897,dur_high
2,5.0,0.5972222222222222,0.6545976087813015,-0.7580261036861081,0.6088385976628404,1.3333333333333333,1.4651162790697674,1.1379310344827587,881.6805555555555,908.3023255813954,842.2068965517242,537.3333333333334,2.1658149600973897,noise_high
2,6.0,0.7777777777777778,1.5938129671861152,0.28841842448370103,1.5835751197295793,2.486111111111111,2.6607142857142856,1.875,853.3333333333334,785.6964285714286,1090.0625,578.375,2.1658149600973897,noise_low
2,7.0,0.6111111111111112,0.6512057259262476,0.5360312572110485,1.417743642907296,2.5972222222222223,2.772727272727273,2.3214285714285716,755.8472222222222,700.3409090909091,843.0714285714286,526.9305555555555,2.1658149600973897,tilt_low
2,8.0,0.9583333333333334,3.5834047083106704,0.408708227054697,4.3256697554798,3.375,3.4347826086956523,2.0,636.2083333333334,612.4782608695652,1182.0,511.31944444444446,2.1658149600973897,tilt_high
2,9.0,0.8263888888888888,2.141741100721149,0.5223482676624762,3.0609788601333996,2.9375,3.0,2.64,685.9583333333334,637.6218487394958,916.04,513.9236111111111,2.1658149600973897,baseline
3,1.0,0.6805555555555556,1.0853249080767589,-0.5426624540383794,0.5549012671735112,2.7222222222222223,2.836734693877551,2.4782608695652173,2182.8333333333335,2119.5714285714284,2317.608695652174,974.8055555555555,2.300976599486,size_low
3,2.0,0.7638888888888888,1.4510899180239507,-0.136089161162197,0.8207985183348997,2.9722222222222223,3.109090909090909,2.5294117647058822,2176.4305555555557,2011.2545454545455,2710.823529411765,830.7361111111111,2.300976599486,size_high
3,3.0,0.8055555555555556,1.7321312398880884,0.10135594615765703,1.1919156475823216,2.9722222222222223,3.0517241379310347,2.642857142857143,2493.6388888888887,2318.2241379310344,3220.3571428571427,629.4166666666666,2.300976599486,dur_low
3,4.0,0.7083333333333334,1.225035206958621,-0.47280730459744835,0.5603433297705959,3.375,3.450980392156863,3.1904761904761907,2519.972222222222,2333.8039215686276,2972.095238095238,891.4722222222222,2.300976599486,dur_high
3,5.0,0.6388888888888888,0.7647096737863871,-0.38235483689319355,0.7464770226444273,2.0694444444444446,2.260869565217391,1.7307692307692308,2594.277777777778,2304.3695652173915,3107.1923076923076,820.9305555555555,2.300976599486,noise_high
3,6.0,0.8333333333333334,2.1826746158728283,-0.5018815100866358,0.3343910935516972,3.236111111111111,3.4,2.4166666666666665,2182.347222222222,1937.9333333333334,3404.4166666666665,989.7083333333334,2.300976599486,noise_low
3,7.0,0.6944444444444444,1.0299801680356124,0.15949966617827546,1.1785460208260674,2.7222222222222223,2.82,2.5,2346.4444444444443,2057.04,3004.181818181818,1232.1666666666667,2.300976599486,tilt_low
3,8.0,0.9444444444444444,3.297499952156195,-0.2657558489774593,0.4163080036495921,3.4722222222222223,3.5294117647058822,2.5,1554.236111111111,1558.7794117647059,1477.0,799.7916666666666,2.300976599486,tilt_high
3,9.0,0.8194444444444444,1.8290556862758733,0.052893722963764433,1.1015800571697891,3.0069444444444446,3.135593220338983,2.423076923076923,2336.5069444444443,2186.2796610169494,3018.3076923076924,1037.701388888889,2.300976599486,baseline
4,1.0,0.7777777777777778,1.5568773639514795,0.18898288412596143,1.3420833889959896,2.5694444444444446,2.6964285714285716,2.125,405.2083333333333,383.44642857142856,481.375,189.5,3.053302974284984,size_low
4,2.0,0.7916666666666666,1.948709235862581,-0.6188642000917595,0.2993965343252653,3.1666666666666665,3.3333333333333335,2.533333333333333,404.2083333333333,364.8070175438597,553.9333333333333,159.98611111111111,3.053302974284984,size_high
4,3.0,0.8333333333333334,1.985350022633737,0.22796533753048148,1.572380932344558,3.1527777777777777,3.3666666666666667,2.0833333333333335,448.9583333333333,438.53333333333336,501.0833333333333,172.79166666666666,3.053302974284984,dur_low
4,4.0,0.8472222222222222,2.503961622905335,-0.6625250136028893,0.19034116565742942,3.0555555555555554,3.262295081967213,1.9090909090909092,360.8611111111111,291.9344262295082,743.0909090909091,163.40277777777777,3.053302974284984,dur_high
4,5.0,0.6944444444444444,1.0469258208488952,-0.24124676336193948,0.7768038034125703,2.5833333333333335,2.74,2.227272727272727,457.65277777777777,447.2,481.40909090909093,182.18055555555554,3.053302974284984,noise_high
4,6.0,0.8888888888888888,2.468319035177397,0.14883460951193972,1.4439339519121475,3.361111111111111,3.421875,2.875,341.625,316.90625,539.375,145.30555555555554,3.053302974284984,noise_low
4,7.0,0.7916666666666666,1.641911316297783,-0.14646590795280973,0.7862472003636765,2.6666666666666665,2.8596491228070176,1.9333333333333333,459.44444444444446,436.6666666666667,546.0,205.18055555555554,3.053302974284984,tilt_low
4,8.0,0.9166666666666666,2.7659882542012766,-0.0,1.0,3.4305555555555554,3.5757575757575757,1.8333333333333333,334.0416666666667,322.1515151515151,464.8333333333333,181.08333333333334,3.053302974284984,tilt_high
4,9.0,0.8055555555555556,1.7434604453628144,-0.15286216985869144,0.766048996842412,3.0902777777777777,3.2672413793103448,2.357142857142857,348.0486111111111,335.16379310344826,401.42857142857144,180.78472222222223,3.053302974284984,baseline
5,1.0,0.7638888888888888,1.516052207372216,0.3272988043906506,1.6424714264810372,1.9027777777777777,1.9636363636363636,1.7058823529411764,849.6388888888889,818.0909090909091,951.7058823529412,330.02777777777777,2.758306055277515,size_low
5,2.0,0.875,2.8749003314061157,-0.7629604155069762,0.11153295721086255,2.986111111111111,3.126984126984127,2.0,776.1527777777778,728.7460317460317,1108.0,433.43055555555554,2.758306055277515,size_high
5,3.0,0.7638888888888888,1.4759096252110577,-0.2294667534961723,0.7127160461389049,2.625,2.7636363636363637,2.176470588235294,1001.4583333333334,954.7454545454545,1152.5882352941176,354.77777777777777,2.758306055277515,dur_low
5,4.0,0.9027777777777778,2.8819273911572587,0.4735421294769281,3.914603447668852,3.4583333333333335,3.476923076923077,3.2857142857142856,683.75,702.4307692307692,510.2857142857143,295.7361111111111,2.758306055277515,dur_high
5,5.0,0.5694444444444444,0.3554904178395308,-0.1777452089197654,0.9387681718562083,1.3472222222222223,1.5609756097560976,1.064516129032258,928.2361111111111,910.170731707317,952.1290322580645,290.1111111111111,2.758306055277515,noise_high
5,6.0,0.875,2.4548529381972224,-0.36579234892443885,0.407397291883585,3.0416666666666665,3.0952380952380953,2.6666666666666665,776.6805555555555,736.6984126984127,1056.5555555555557,311.65277777777777,2.758306055277515,noise_low
5,7.0,0.6666666666666666,0.8716719449122865,-0.15361982539363508,0.8746721994829022,2.5972222222222223,2.6875,2.4166666666666665,824.9861111111111,769.0416666666666,936.875,376.4583333333333,2.758306055277515,tilt_low
5,8.0,0.9444444444444444,3.186437636046101,3.3306690738754696e-16,1.000000000000001,3.5555555555555554,3.676470588235294,1.5,611.1666666666666,559.2058823529412,1494.5,276.4861111111111,2.758306055277515,tilt_high
5,9.0,0.8402777777777778,1.9985748347603676,-0.08603749069657501,0.842019282852446,3.0,3.12396694214876,2.347826086956522,716.8958333333334,692.0909090909091,847.3913043478261,313.75694444444446,2.758306055277515,baseline
6,1.0,0.5694444444444444,0.39227360313357346,-0.478352948629295,0.8289087231045847,2.0694444444444446,2.292682926829268,1.7741935483870968,1072.8194444444443,1029.4146341463415,1130.225806451613,521.9861111111111,3.407498835234531,size_low
6,2.0,0.875,2.3504156932023395,0.20778628049946857,1.6296807463788283,2.5555555555555554,2.619047619047619,2.111111111111111,938.2916666666666,873.7936507936508,1389.7777777777778,437.30555555555554,3.407498835234531,size_high
6,3.0,0.7638888888888888,1.576130766686881,0.4325749655039096,1.97742345516478,2.6944444444444446,2.727272727272727,2.588235294117647,1021.9583333333334,1062.9454545454546,889.3529411764706,453.3333333333333,3.407498835234531,dur_low
6,4.0,0.7916666666666666,1.7291284079567062,-0.3560761448689965,0.5402618349036387,2.7083333333333335,2.8596491228070176,2.1333333333333333,964.5138888888889,915.0175438596491,1152.6,596.1666666666666,3.407498835234531,dur_high
6,5.0,0.4305555555555556,-0.6182844533142512,-1.0738519004435128,1.942441982172562,1.375,1.2258064516129032,1.4878048780487805,1142.75,1079.1935483870968,1190.8048780487804,385.25,3.407498835234531,noise_high
6,6.0,0.9027777777777778,2.6785437260998095,0.2539469549731459,1.9742883869200685,2.625,2.6923076923076925,2.0,841.9583333333334,812.4923076923077,1115.5714285714287,443.02777777777777,3.407498835234531,noise_low
6,7.0,0.5833333333333334,0.42517533815798647,-0.14290274876053755,0.9410502647339616,2.486111111111111,2.5238095238095237,2.433333333333333,1040.125,1052.7380952380952,1022.4666666666667,482.7916666666667,3.407498835234531,tilt_low
6,8.0,0.9166666666666666,3.1678321473117332,0.6164945075541656,7.049460715698643,2.7222222222222223,2.712121212121212,2.8333333333333335,1018.2361111111111,852.9242424242424,2836.6666666666665,705.1527777777778,3.407498835234531,tilt_high
6,9.0,0.7569444444444444,1.4101564028722702,-0.1565559187380372,0.8019024345345346,2.486111111111111,2.5779816513761467,2.2,864.7847222222222,838.7064220183486,946.0,511.3263888888889,3.407498835234531,baseline
7,1.0,0.625,0.6481983579912187,-0.1843888801137472,0.8873457555311427,1.6805555555555556,1.5777777777777777,1.8518518518518519,760.6388888888889,710.7111111111111,843.8518518518518,274.05555555555554,3.920892944469301,size_low
7,2.0,0.7638888888888888,1.516052207372216,0.3272988043906506,1.6424714264810372,2.7916666666666665,2.7636363636363637,2.8823529411764706,592.8611111111111,584.2727272727273,620.6470588235294,280.2916666666667,3.920892944469301,size_high
7,3.0,0.6805555555555556,1.037106486420157,0.44886832289162276,1.5928490198935932,2.6944444444444446,2.7551020408163267,2.5652173913043477,587.9722222222222,565.3673469387755,636.1304347826087,258.7916666666667,3.920892944469301,dur_low
7,4.0,0.6111111111111112,0.5894557978497783,0.29472789892488915,1.189733186322289,2.861111111111111,2.9545454545454546,2.7142857142857144,487.1388888888889,431.8181818181818,574.0714285714286,228.52777777777777,3.920892944469301,dur_high
7,5.0,0.4722222222222222,-0.1485111522329492,-0.35647172317898285,1.0543664090187934,1.0138888888888888,1.0294117647058822,1.0,672.2222222222222,635.9705882352941,704.6578947368421,228.97222222222223,3.920892944469301,noise_high
7,6.0,0.7638888888888888,1.4510899180239507,0.136089161162197,1.2183257860024341,2.7777777777777777,2.7818181818181817,2.764705882352941,612.3194444444445,581.7818181818182,711.1176470588235,266.1111111111111,3.920892944469301,noise_low
7,7.0,0.5833333333333334,0.42192644594437023,0.07125292409032301,1.0305199627056763,2.736111111111111,2.8095238095238093,2.6333333333333333,511.59722222222223,507.5,517.3333333333334,302.625,3.920892944469301,tilt_low
7,8.0,0.8055555555555556,1.7321312398880884,0.10135594615765703,1.1919156475823216,2.7916666666666665,2.913793103448276,2.2857142857142856,486.4166666666667,451.05172413793105,632.9285714285714,283.68055555555554,3.920892944469301,tilt_high
7,9.0,0.7013888888888888,1.0673205638458112,0.1408294682731761,1.1621946850676612,2.7430555555555554,2.801980198019802,2.604651162790698,522.5138888888889,524.6930693069307,517.3953488372093,260.4236111111111,3.920892944469301,baseline
8,1.0,0.5555555555555556,0.45593067506096296,0.9926750113168685,1.572380932344558,2.138888888888889,2.15,2.125,742.8333333333334,685.375,814.65625,252.625,3.840583434780649,size_low
8,2.0,0.6527777777777778,1.0102119545994253,0.7155343715476374,2.060278929003332,2.2083333333333335,2.2127659574468086,2.2,783.5555555555555,840.8297872340426,675.88,271.125,3.840583434780649,size_high
8,3.0,0.5972222222222222,0.6119311482621702,0.661455991970616,1.498950991852097,2.111111111111111,2.116279069767442,2.103448275862069,650.7083333333334,645.9767441860465,657.7241379310345,426.8888888888889,3.840583434780649,dur_low
8,4.0,0.5555555555555556,0.33398237449092955,0.5977184865409223,1.220947796386156,2.1805555555555554,2.15,2.21875,1575.0555555555557,609.5,2782.0,618.25,3.840583434780649,dur_high
8,5.0,0.5138888888888888,0.0902199235903054,0.7195997119912344,1.0670760357546045,2.1527777777777777,2.108108108108108,2.2,741.875,674.3513513513514,813.2571428571429,261.5138888888889,3.840583434780649,noise_high
8,6.0,0.5555555555555556,0.45593067506096296,0.9926750113168685,1.572380932344558,2.125,2.15,2.09375,756.625,801.5,700.53125,492.25,3.840583434780649,noise_low
8,7.0,0.5277777777777778,0.1752538759366088,0.6770827358180826,1.1259885644745649,2.236111111111111,2.1842105263157894,2.2941176470588234,619.6111111111111,607.8947368421053,632.7058823529412,415.6111111111111,3.840583434780649,tilt_low
8,8.0,0.75,1.984190745374013,0.9224104523685508,6.23537226489141,2.2083333333333335,2.2037037037037037,2.2222222222222223,739.2777777777778,702.5185185185185,849.5555555555555,485.7361111111111,3.840583434780649,tilt_high
8,9.0,0.6180555555555556,0.7423762454775904,0.6534042698013034,1.6242916427558247,2.138888888888889,2.168539325842697,2.090909090909091,2202.2986111111113,3132.0898876404494,697.7272727272727,1412.7777777777778,3.840583434780649,baseline
9,1.0,0.5694444444444444,0.4958691102269803,0.8373903529632685,1.5147281883532329,2.0972222222222223,2.1707317073170733,2.0,698.2361111111111,705.9024390243902,688.0967741935484,400.84722222222223,3.8885657604039854,size_low
9,2.0,0.7083333333333334,1.2903252691658058,0.5754777142644472,2.101294191467875,2.8055555555555554,2.8627450980392157,2.6666666666666665,729.4305555555555,698.3921568627451,804.8095238095239,400.625,3.8885657604039854,size_high
9,3.0,0.6805555555555556,1.2432838282187761,0.7613522129912502,2.5768736329979927,2.763888888888889,2.7755102040816326,2.739130434782609,663.8333333333334,710.3265306122449,564.7826086956521,382.4166666666667,3.8885657604039854,dur_low
9,4.0,0.6111111111111112,0.8745060679912817,0.9457410931049974,2.2865778807808845,2.9722222222222223,3.1136363636363638,2.75,729.6944444444445,659.1818181818181,840.5,383.5833333333333,3.8885657604039854,dur_high
9,5.0,0.2638888888888889,-1.26394554804586,-0.0425169761731517,1.0552093072526918,1.2638888888888888,1.1578947368421053,1.3018867924528301,750.2222222222222,765.1578947368421,744.8679245283018,362.3333333333333,3.8885657604039854,noise_high
9,6.0,0.7083333333333334,1.7747955261736952,1.0271080619687096,6.189824866223226,2.7222222222222223,2.7450980392156863,2.6666666666666665,656.375,576.6274509803922,850.047619047619,402.5,3.8885657604039854,noise_low
9,7.0,0.5694444444444444,0.4958691102269803,0.8373903529632685,1.5147281883532329,2.861111111111111,2.902439024390244,2.806451612903226,618.2777777777778,598.9512195121952,643.8387096774194,380.7083333333333,3.8885657604039854,tilt_low
9,8.0,0.8611111111111112,2.7898663790598106,0.805477391680127,9.46096412791893,3.0972222222222223,3.161290322580645,2.7,690.3055555555555,682.1290322580645,741.0,405.5416666666667,3.8885657604039854,tilt_high
9,9.0,0.6944444444444444,1.4535085191411885,0.8664645584524564,3.5233548469798697,3.0069444444444446,3.11,2.772727272727273,686.3402777777778,699.13,657.2727272727273,394.56944444444446,3.8885657604039854,baseline
10,1.0,0.6944444444444444,1.3133092067821825,-0.726339523709547,0.3852324411075078,2.8333333333333335,2.9,2.6818181818181817,649.6805555555555,653.4,641.2272727272727,414.0416666666667,4.288358634467116,size_low
10,2.0,0.8055555555555556,1.8914821862099949,-0.43725303399564086,0.43733476493636514,3.3055555555555554,3.396551724137931,2.9285714285714284,595.2222222222222,583.7931034482758,642.5714285714286,280.44444444444446,4.288358634467116,size_high
10,3.0,0.7361111111111112,1.367541055139267,-0.40155438050712533,0.5774449872975689,3.125,3.2452830188679247,2.789473684210526,671.6666666666666,594.2075471698113,887.7368421052631,358.97222222222223,4.288358634467116,dur_low
10,4.0,0.8194444444444444,1.8951300990434312,-0.27307529932563396,0.5960008301448306,3.2777777777777777,3.3559322033898304,2.923076923076923,664.8333333333334,626.3220338983051,839.6153846153846,335.93055555555554,4.288358634467116,dur_high
10,5.0,0.5555555555555556,0.30723965078727006,-0.43583597245614325,0.8746721994829022,2.4722222222222223,2.55,2.375,616.4861111111111,588.45,651.53125,339.25,4.288358634467116,noise_high
10,6.0,0.7638888888888888,1.4759096252110577,-0.2294667534961723,0.7127160461389049,3.4583333333333335,3.5272727272727273,3.235294117647059,589.4861111111111,564.8727272727273,669.1176470588235,253.83333333333334,4.288358634467116,noise_low
10,7.0,0.7083333333333334,1.1052170494915392,-0.12188122545031208,0.8739735137841343,3.125,3.2941176470588234,2.7142857142857144,643.4583333333334,588.0196078431372,778.0952380952381,307.56944444444446,4.288358634467116,tilt_low
10,8.0,0.9027777777777778,2.603634475947988,-0.08117688912664411,0.8094866908641966,3.6805555555555554,3.6923076923076925,3.5714285714285716,520.5138888888889,511.8615384615385,600.8571428571429,442.0833333333333,4.288358634467116,tilt_high
10,9.0,0.8125,1.8869987264663326,-0.354043565383388,0.5126921266293151,3.2777777777777777,3.341880341880342,3.0,604.8958333333334,583.6495726495726,696.9629629629629,280.6041666666667,4.288358634467116,baseline
11,1.0,0.7222222222222222,1.3603506477292118,-0.5404650249827437,0.47939904607721073,2.4166666666666665,2.5961538461538463,1.95,610.1944444444445,593.7692307692307,652.9,250.05555555555554,4.061338120826827,size_low
11,2.0,0.7777777777777778,2.340120880091896,-1.030350141164086,0.08971261546743944,2.9583333333333335,3.017857142857143,2.75,538.3194444444445,458.875,816.375,237.02777777777777,4.061338120826827,size_high
11,3.0,0.7222222222222222,1.2957533023246834,-0.4374482569144171,0.5673238220832845,2.8194444444444446,2.826923076923077,2.8,562.0416666666666,541.1346153846154,616.4,226.08333333333334,4.061338120826827,dur_low
11,4.0,0.7638888888888888,2.054216123937419,-0.8873977630868474,0.16155545942128718,2.9027777777777777,3.036363636363636,2.4705882352941178,617.6527777777778,541.6727272727272,863.4705882352941,230.48611111111111,4.061338120826827,dur_high
11,5.0,0.7083333333333334,1.3829941271006383,-0.6914970635503191,0.38429823361288534,1.8472222222222223,1.8823529411764706,1.7619047619047619,646.375,648.0196078431372,642.3809523809524,202.31944444444446,4.061338120826827,noise_high
11,6.0,0.9027777777777778,3.0620447013842065,-0.6693882305179308,0.12877395681135692,3.111111111111111,3.1538461538461537,2.7142857142857144,580.4722222222222,528.6153846153846,1062.0,214.04166666666666,4.061338120826827,noise_low
11,7.0,0.6805555555555556,1.0853249080767589,-0.5426624540383794,0.5549012671735112,2.8333333333333335,2.816326530612245,2.869565217391304,540.0416666666666,528.9591836734694,563.6521739130435,204.18055555555554,4.061338120826827,tilt_low
11,8.0,0.9583333333333334,3.583404708310672,-0.4087082270546979,0.23117807334533264,3.138888888888889,3.2028985507246377,1.6666666666666667,455.4583333333333,421.0,1248.0,193.70833333333334,4.061338120826827,tilt_high
11,9.0,0.7708333333333334,1.6530333464560854,-0.47102625538851167,0.4590380810036019,2.9097222222222223,2.972972972972973,2.696969696969697,539.6875,476.5315315315315,752.1212121212121,216.57638888888889,4.061338120826827,baseline
12,1.0,0.5694444444444444,0.35190106738096394,-0.10626561337202628,0.9632955750406066,1.2916666666666667,1.3658536585365855,1.1935483870967742,1034.0694444444443,1010.4634146341464,1065.2903225806451,375.56944444444446,2.87813287753772,size_low
12,2.0,0.7777777777777778,1.5294193475727742,-0.0,1.0,2.9166666666666665,3.1607142857142856,2.0625,796.125,745.6071428571429,972.9375,339.93055555555554,2.87813287753772,size_high
12,3.0,0.7083333333333334,1.1052170494915392,0.12188122545031213,1.1441994342256387,2.361111111111111,2.5686274509803924,1.8571428571428572,905.9861111111111,835.8627450980392,1076.2857142857142,404.6666666666667,2.87813287753772,dur_low
12,4.0,0.7222222222222222,1.1829778093054384,-0.08300084554336257,0.9064783261666816,3.138888888888889,3.3461538461538463,2.6,858.1666666666666,750.9807692307693,1136.85,349.7361111111111,2.87813287753772,dur_high
12,5.0,0.5972222222222222,0.49264454131043295,-0.035893876407291775,0.9824725031181736,1.5972222222222223,1.7209302325581395,1.4137931034482758,1030.0555555555557,998.3255813953489,1077.103448275862,414.25,2.87813287753772,noise_high
12,6.0,0.7916666666666666,1.6747807059265372,-0.24793455511349027,0.6601844526886173,2.7222222222222223,2.807017543859649,2.4,888.4166666666666,826.7368421052631,1122.8,360.8611111111111,2.87813287753772,noise_low
12,7.0,0.6111111111111112,0.5781729794278122,0.21940156939545044,1.1352490555547916,2.3055555555555554,2.2954545454545454,2.3214285714285716,938.1111111111111,926.2954545454545,956.6785714285714,391.1111111111111,2.87813287753772,tilt_low
12,8.0,0.9722222222222222,3.829011650111114,2.220446049250313e-16,1.0000000000000009,3.3055555555555554,3.3285714285714287,2.5,753.6111111111111,736.2142857142857,1362.5,334.2916666666667,2.87813287753772,tilt_high
12,9.0,0.7777777777777778,1.5938129671861152,0.28841842448370103,1.5835751197295793,2.6319444444444446,2.7767857142857144,2.125,829.2986111111111,810.9285714285714,893.59375,391.34027777777777,2.87813287753772,baseline
13,1.0,0.5833333333333334,0.44974549896791616,-0.36458304836582023,0.8487678367592328,2.1805555555555554,2.357142857142857,1.9333333333333333,614.8611111111111,616.8571428571429,612.0666666666667,473.0,2.9125666239016708,size_low
13,2.0,0.6111111111111112,0.6048048298776261,-0.37208733525726867,0.798484105079206,2.4583333333333335,2.5681818181818183,2.2857142857142856,526.5972222222222,538.4545454545455,507.9642857142857,465.2083333333333,2.9125666239016708,size_high
13,3.0,0.7083333333333334,1.120200091625918,-0.20460962797342808,0.7951665224955727,2.375,2.549019607843137,1.9523809523809523,625.2638888888889,571.6666666666666,755.4285714285714,506.0,2.9125666239016708,dur_low
13,4.0,0.7361111111111112,1.2923614194696298,-0.21545341043935737,0.7569609021108864,2.7916666666666665,2.9245283018867925,2.4210526315789473,476.27777777777777,432.9433962264151,597.1578947368421,510.22222222222223,2.9125666239016708,dur_high
13,5.0,0.5,0.0,-0.28221614706250825,1.0,2.361111111111111,2.5833333333333335,2.138888888888889,497.94444444444446,514.25,481.6388888888889,474.125,2.9125666239016708,noise_high
13,6.0,0.6944444444444444,1.1071318649835633,-0.4138556336099195,0.6324255584402954,2.4444444444444446,2.88,1.4545454545454546,549.9861111111111,507.26,647.0909090909091,453.3333333333333,2.9125666239016708,noise_low
13,7.0,0.5694444444444444,0.3687777602274944,-0.32409917899560936,0.8873457555311427,2.3055555555555554,2.3658536585365852,2.225806451612903,545.7777777777778,451.8048780487805,670.0645161290323,480.5833333333333,2.9125666239016708,tilt_low
13,8.0,0.7361111111111112,1.322911983941232,-0.3059655741310851,0.6671332187881638,2.5,2.7735849056603774,1.736842105263158,513.8472222222222,479.52830188679246,609.578947368421,466.59722222222223,2.9125666239016708,tilt_high
13,9.0,0.6597222222222222,0.8585783517045776,-0.28957887697042667,0.7798714700390746,2.3819444444444446,2.6210526315789475,1.9183673469387754,506.7083333333333,498.58947368421053,522.4489795918367,485.2013888888889,2.9125666239016708,baseline
14,1.0,0.8611111111111112,2.188061914949051,-0.12660939137282423,0.7580323718407544,1.6805555555555556,1.7741935483870968,1.1,1129.75,1118.5967741935483,1198.9,374.6666666666667,3.404039556938245,size_low
14,2.0,0.8888888888888888,2.468319035177397,-0.14883460951193983,0.6925524527460118,2.361111111111111,2.4375,1.75,993.1805555555555,966.453125,1207.0,406.8333333333333,3.404039556938245,size_high
14,3.0,0.875,2.3504156932023395,-0.20778628049946857,0.6136171162493101,2.263888888888889,2.365079365079365,1.5555555555555556,1005.125,977.3492063492064,1199.5555555555557,369.47222222222223,3.404039556938245,dur_low
14,4.0,0.9583333333333334,3.5077246430786073,0.16064350351625367,1.75679860106313,2.875,2.9565217391304346,1.0,927.7777777777778,914.2028985507246,1240.0,431.56944444444446,3.404039556938245,dur_high
14,5.0,0.7638888888888888,1.4759096252110577,-0.2294667534961723,0.7127160461389049,1.9166666666666667,2.090909090909091,1.3529411764705883,967.2222222222222,929.8727272727273,1088.0588235294117,367.5,3.404039556938245,noise_high
14,6.0,0.9722222222222222,3.7936293992330823,0.30359588159349116,3.1636621407881904,2.736111111111111,2.757142857142857,2.0,884.8055555555555,873.9428571428572,1265.0,406.43055555555554,3.404039556938245,noise_low
14,7.0,0.8194444444444444,1.850034581863146,-0.16030761714518588,0.7433601441712825,1.9444444444444444,2.0338983050847457,1.5384615384615385,1025.4583333333333,968.7118644067797,1283.0,396.80555555555554,3.404039556938245,tilt_low
14,8.0,0.9722222222222222,3.829011650111114,2.220446049250313e-16,1.0000000000000009,3.5277777777777777,3.6,1.0,792.2083333333334,785.5857142857143,1024.0,326.6111111111111,3.404039556938245,tilt_high
14,9.0,0.9791666666666666,4.191788733682249,-0.3642299707188793,0.21723510304994362,2.5694444444444446,2.595744680851064,1.3333333333333333,933.1805555555555,931.4893617021277,1012.6666666666666,423.69444444444446,3.404039556938245,baseline
15,1.0,0.5416666666666666,0.21042839424792484,-0.10521419712396242,0.9781032376462597,2.0694444444444446,2.128205128205128,2.0,1817.3333333333333,2813.74358974359,639.7575757575758,231.40277777777777,4.782110705321852,size_low
15,2.0,0.7361111111111112,1.26394554804586,-0.0425169761731517,0.9476792832727822,3.361111111111111,3.452830188679245,3.1052631578947367,677.2638888888889,684.8679245283018,656.0526315789474,203.83333333333334,4.782110705321852,size_high
15,3.0,0.6944444444444444,1.0299801680356124,0.15949966617827546,1.1785460208260674,3.486111111111111,3.58,3.272727272727273,1991.486111111111,2582.82,647.5454545454545,187.11111111111111,4.782110705321852,dur_low
15,4.0,0.7638888888888888,1.8036472122709748,-0.6913952118875626,0.28735610554257585,3.625,3.6363636363636362,3.588235294117647,466.05555555555554,421.1090909090909,611.4705882352941,196.95833333333334,4.782110705321852,dur_high
15,5.0,0.5277777777777778,0.15872849855432086,-0.5100915485726178,0.9222249860373573,1.1805555555555556,1.236842105263158,1.1176470588235294,735.2916666666666,747.1842105263158,722.0,223.02777777777777,4.782110705321852,noise_high
15,6.0,0.8055555555555556,1.8914821862099949,0.43725303399564086,2.2865778807808845,3.6527777777777777,3.7241379310344827,3.357142857142857,588.5,568.7241379310345,670.4285714285714,205.11111111111111,4.782110705321852,noise_low
15,7.0,0.7361111111111112,1.26394554804586,0.0425169761731517,1.0552093072526918,3.4722222222222223,3.4150943396226414,3.6315789473684212,5948.0,705.2452830188679,20572.526315789473,219.81944444444446,4.782110705321852,tilt_low
15,8.0,0.9305555555555556,3.135146173902907,0.34693273810410385,2.967396136252414,3.736111111111111,3.746268656716418,3.6,1625.5972222222222,1702.3731343283582,596.8,250.0,4.782110705321852,tilt_high
15,9.0,0.75,1.3489795003921634,-0.0,1.0,3.4791666666666665,3.537037037037037,3.3055555555555554,575.5763888888889,583.2037037037037,552.6944444444445,5151.111111111111,4.782110705321852,baseline
16,1.0,0.6805555555555556,1.0013444190560343,-0.36096191064615507,0.6966673828222963,2.2083333333333335,2.2448979591836733,2.130434782608696,528.2638888888889,536.6122448979592,510.4782608695652,241.75,3.222115514676045,size_low
16,2.0,0.75,1.7329291169049121,-0.7267542595705939,0.2838204051054283,2.25,2.2962962962962963,2.111111111111111,473.4861111111111,416.1296296296296,645.5555555555555,101.375,3.222115514676045,size_high
16,3.0,0.7638888888888888,1.5761307666868807,-0.43257496550390934,0.5057085761717487,2.263888888888889,2.290909090909091,2.176470588235294,485.625,469.09090909090907,539.1176470588235,106.95833333333333,3.222115514676045,dur_low
16,4.0,0.75,1.9841907453740126,-0.9224104523685506,0.16037534849852564,2.3472222222222223,2.3703703703703702,2.2777777777777777,439.30555555555554,397.3703703703704,565.1111111111111,138.55555555555554,3.222115514676045,dur_high
16,5.0,0.6944444444444444,1.2206403488473496,-0.6103201744236748,0.47474311554475856,2.2083333333333335,2.2,2.227272727272727,470.125,459.52,494.22727272727275,100.97222222222223,3.222115514676045,noise_high
16,6.0,0.6805555555555556,1.3827904237751252,-0.9018236061354874,0.28735610554257585,2.0694444444444446,2.142857142857143,1.9130434782608696,514.2083333333334,514.3265306122449,513.9565217391304,131.76388888888889,3.222115514676045,noise_low
16,7.0,0.5694444444444444,0.4589335069923446,-0.7379548126055289,0.7127160461389049,2.361111111111111,2.292682926829268,2.4516129032258065,451.2638888888889,432.1463414634146,476.5483870967742,147.65277777777777,3.222115514676045,tilt_low
16,8.0,0.8888888888888888,2.468319035177397,-0.14883460951193983,0.6925524527460118,2.25,2.265625,2.125,418.77777777777777,416.984375,433.125,173.79166666666666,3.222115514676045,tilt_high
16,9.0,0.8194444444444444,1.9724499249504166,-0.39676916462543,0.4572123619742855,2.2222222222222223,2.1864406779661016,2.3846153846153846,444.09722222222223,443.771186440678,445.5769230769231,112.47222222222223,3.222115514676045,baseline
17,1.0,0.7916666666666666,1.6263437939605594,-0.048462223193892595,0.9242097453827636,1.9027777777777777,2.017543859649123,1.4666666666666666,814.6111111111111,762.438596491228,1012.8666666666667,453.43055555555554,3.139351153377936,size_low
17,2.0,0.75,2.200410581210034,-1.100205290605017,0.08884132523664137,2.6805555555555554,2.7222222222222223,2.5555555555555554,824.9166666666666,800.3888888888889,898.5,479.93055555555554,3.139351153377936,size_high
17,3.0,0.7638888888888888,1.5761307666868807,-0.43257496550390934,0.5057085761717487,2.3333333333333335,2.4545454545454546,1.9411764705882353,886.6666666666666,806.7454545454545,1145.235294117647,453.8611111111111,3.139351153377936,dur_low
17,4.0,0.8333333333333334,2.4229938841649137,-0.7030088829731002,0.18206596291722177,2.638888888888889,2.683333333333333,2.4166666666666665,802.2777777777778,720.75,1209.9166666666667,447.2083333333333,3.139351153377936,dur_high
17,5.0,0.6527777777777778,0.8977366457832455,-0.5185532432100785,0.6278058921534213,1.1666666666666667,1.2340425531914894,1.04,1025.1527777777778,906.7234042553191,1247.8,394.875,3.139351153377936,noise_high
17,6.0,0.7777777777777778,2.1249342193034817,-0.852038715403816,0.16356804096308025,2.625,2.7857142857142856,2.0625,687.9722222222222,632.0535714285714,883.6875,463.31944444444446,3.139351153377936,noise_low
17,7.0,0.7083333333333334,1.2903252691658054,-0.5754777142644469,0.47589718948465887,2.5416666666666665,2.549019607843137,2.5238095238095237,718.5277777777778,677.8627450980392,817.2857142857143,412.3888888888889,3.139351153377936,tilt_low
17,8.0,0.9305555555555556,3.2857354892867927,-0.5575428365666377,0.16010294171640752,3.013888888888889,3.074626865671642,2.2,570.375,563.3731343283582,664.2,407.625,3.139351153377936,tilt_high
17,9.0,0.8055555555555556,2.0239461173185074,-0.5812457593637962,0.30838382158173067,2.388888888888889,2.5172413793103448,1.8571428571428572,686.1180555555555,647.3534482758621,846.7142857142857,466.27777777777777,3.139351153377936,baseline
18,1.0,0.6666666666666666,1.080930049965488,0.6801753238646061,2.0859449099507454,2.0972222222222223,2.0625,2.1666666666666665,507.0416666666667,462.7708333333333,595.5833333333334,102.86111111111111,3.813806979575274,size_low
18,2.0,0.7222222222222222,1.1829778093054384,0.08300084554336257,1.1031703363816796,2.138888888888889,2.0576923076923075,2.35,540.7083333333334,514.2115384615385,609.6,104.30555555555556,3.813806979575274,size_high
18,3.0,0.7638888888888888,1.516052207372216,0.3272988043906506,1.6424714264810372,2.1666666666666665,2.1636363636363636,2.176470588235294,548.0138888888889,540.7636363636364,571.4705882352941,99.76388888888889,3.813806979575274,dur_low
18,4.0,0.8055555555555556,1.8914821862099949,0.43725303399564086,2.2865778807808845,2.0694444444444446,2.0689655172413794,2.0714285714285716,522.7222222222222,510.01724137931035,575.3571428571429,116.34722222222223,3.813806979575274,dur_high
18,5.0,0.6805555555555556,0.939215358404814,0.038880379906949564,1.037191987937721,2.0416666666666665,2.061224489795918,2.0,564.3888888888889,540.3265306122449,615.6521739130435,93.08333333333333,3.813806979575274,noise_high
18,6.0,0.6666666666666666,0.861454598590915,5.551115123125783e-17,1.0,2.0416666666666665,2.0625,2.0,560.75,540.1458333333334,601.9583333333334,96.52777777777777,3.813806979575274,noise_low
18,7.0,0.625,0.6950247534679315,0.41719729705242137,1.3363773041527929,2.125,2.111111111111111,2.1481481481481484,477.7638888888889,499.77777777777777,441.0740740740741,77.22222222222223,3.813806979575274,tilt_low
18,8.0,0.9583333333333334,3.5834047083106704,0.408708227054697,4.3256697554798,2.0972222222222223,2.101449275362319,2.0,436.4583333333333,443.0289855072464,285.3333333333333,86.0,3.813806979575274,tilt_high
18,9.0,0.7569444444444444,1.4217379857929653,0.20238093378712613,1.3334007866576771,2.111111111111111,2.1192660550458715,2.085714285714286,529.4236111111111,532.8899082568807,518.6285714285714,96.47222222222223,3.813806979575274,baseline
19,1.0,0.7777777777777778,1.6513676481428075,0.39495652477594634,1.9197950344256975,1.8472222222222223,1.9821428571428572,1.375,950.9305555555555,895.0892857142857,1146.375,321.94444444444446,2.2105295029601804,size_low
19,2.0,0.8472222222222222,2.05274647417846,-0.05895167098752885,0.8860225876268021,1.9722222222222223,2.0163934426229506,1.7272727272727273,927.1666666666666,871.2459016393443,1237.2727272727273,482.02777777777777,2.2105295029601804,size_high
19,3.0,0.8055555555555556,1.8100961466971284,0.3155922754987859,1.7704829488178269,1.8888888888888888,1.9655172413793103,1.5714285714285714,984.7222222222222,922.3793103448276,1243.0,420.84722222222223,2.2105295029601804,dur_low
19,4.0,0.7361111111111112,1.26394554804586,0.0425169761731517,1.0552093072526918,1.6527777777777777,1.679245283018868,1.5789473684210527,931.0833333333334,911.3584905660377,986.1052631578947,400.9166666666667,2.2105295029601804,dur_high
19,5.0,0.6805555555555556,0.9449462156893091,0.11698269000512376,1.116883648320437,1.7222222222222223,1.6938775510204083,1.7826086956521738,943.5277777777778,942.3469387755102,946.0434782608696,356.4166666666667,2.2105295029601804,noise_high
19,6.0,0.8472222222222222,2.1477038008870255,-0.3091422266571256,0.5148158911194508,1.8472222222222223,1.9344262295081966,1.3636363636363635,881.0555555555555,822.1147540983607,1207.909090909091,364.30555555555554,2.2105295029601804,noise_low
19,7.0,0.6527777777777778,0.7907042061718648,0.11313595602342416,1.0935803917849585,1.7916666666666667,1.8297872340425532,1.72,840.4444444444445,763.8936170212766,984.36,375.5416666666667,2.2105295029601804,tilt_low
19,8.0,0.9444444444444444,3.186437636046101,3.3306690738754696e-16,1.000000000000001,2.2916666666666665,2.323529411764706,1.75,1724.0277777777778,1750.6911764705883,1270.75,382.30555555555554,2.2105295029601804,tilt_high
19,9.0,0.7986111111111112,1.673851921674085,0.02470815933712972,1.0422249469131446,2.0,2.026086956521739,1.896551724137931,801.1041666666666,749.304347826087,1006.5172413793103,374.78472222222223,2.2105295029601804,baseline
20,1.0,0.8194444444444444,1.8290556862758733,-0.052893722963764433,0.9077869497467379,1.9722222222222223,2.0,1.8461538461538463,1480.6944444444443,1436.7796610169491,1680.0,619.5694444444445,2.7864902234846776,size_low
20,2.0,0.8194444444444444,2.3452331243510143,-0.7418892628800496,0.1755373788407572,2.763888888888889,2.864406779661017,2.3076923076923075,1469.763888888889,1433.2542372881355,1635.4615384615386,743.6111111111111,2.7864902234846776,size_high
20,3.0,0.7916666666666666,1.948709235862581,-0.6188642000917595,0.2993965343252653,2.5555555555555554,2.736842105263158,1.8666666666666667,1288.763888888889,1219.842105263158,1550.6666666666667,586.625,2.7864902234846776,dur_low
20,4.0,0.8194444444444444,2.3452331243510143,-0.7418892628800496,0.1755373788407572,3.0694444444444446,3.1864406779661016,2.5384615384615383,1259.6527777777778,1155.9830508474577,1730.1538461538462,645.6388888888889,2.7864902234846776,dur_high
20,5.0,0.5694444444444444,0.43090682087871485,-0.6461807097348149,0.7569609021108864,1.6944444444444444,1.8048780487804879,1.5483870967741935,1696.7083333333333,1764.5121951219512,1607.032258064516,562.9166666666666,2.7864902234846776,noise_high
20,6.0,0.8194444444444444,2.101706877132407,-0.5423653794568467,0.3198532289541866,2.9583333333333335,3.152542372881356,2.076923076923077,1263.2222222222222,1088.9322033898304,2054.230769230769,547.2222222222222,2.7864902234846776,noise_low
20,7.0,0.6944444444444444,1.072062514422097,-0.3256028629631238,0.7053461357438006,2.5833333333333335,2.68,2.3636363636363638,1421.263888888889,1428.86,1404.0,569.4027777777778,2.7864902234846776,tilt_low
20,8.0,0.9722222222222222,3.7936293992330823,0.30359588159349116,3.1636621407881904,3.3194444444444446,3.357142857142857,2.0,967.1388888888889,958.3714285714286,1274.0,544.7361111111111,2.7864902234846776,tilt_high
20,9.0,0.8402777777777778,2.321120193972024,-0.5711042991362335,0.26564306781976804,2.8680555555555554,2.958677685950413,2.391304347826087,1318.8680555555557,1234.9752066115702,1760.2173913043478,590.0694444444445,2.7864902234846776,baseline
21,1.0,0.5694444444444444,0.4092192559468563,-0.5601000458129589,0.7951665224955726,1.8611111111111112,1.8048780487804879,1.935483870967742,355.31944444444446,378.6585365853659,324.4516129032258,192.84722222222223,4.500419315568781,size_low
21,2.0,0.6111111111111112,0.5894557978497783,-0.29472789892488915,0.840524591140646,2.3333333333333335,2.2954545454545454,2.392857142857143,386.30555555555554,418.3863636363636,335.89285714285717,264.56944444444446,4.500419315568781,size_high
21,3.0,0.7083333333333334,1.1438502672366804,-0.2897089865558321,0.7179296453642939,2.1527777777777777,2.156862745098039,2.142857142857143,416.05555555555554,420.7647058823529,404.6190476190476,244.61111111111111,4.500419315568781,dur_low
21,4.0,0.7222222222222222,1.1829778093054384,0.08300084554336257,1.1031703363816796,2.2222222222222223,2.3461538461538463,1.9,318.7361111111111,317.7692307692308,321.25,239.66666666666666,4.500419315568781,dur_high
21,5.0,0.5138888888888888,0.16235377825328867,-1.301817237973994,0.8094866908641961,1.3611111111111112,1.4594594594594594,1.2571428571428571,498.625,453.3783783783784,546.4571428571429,223.18055555555554,4.500419315568781,noise_high
21,6.0,0.7916666666666666,2.196721972118065,-0.8161448389965243,0.16648612601772328,2.2083333333333335,2.175438596491228,2.3333333333333335,347.4861111111111,358.35087719298247,306.2,187.31944444444446,4.500419315568781,noise_low
21,7.0,0.5694444444444444,0.36104237897700175,-0.25020610980695657,0.9136250612697929,2.2083333333333335,2.1707317073170733,2.2580645161290325,351.18055555555554,393.2439024390244,295.5483870967742,227.43055555555554,4.500419315568781,tilt_low
21,8.0,0.75,1.3981488653971588,-0.2683471334031218,0.6871592284047807,2.4583333333333335,2.5925925925925926,2.0555555555555554,348.5,379.037037037037,256.8888888888889,254.68055555555554,4.500419315568781,tilt_high
21,9.0,0.6736111111111112,0.9292964470706402,-0.2542198292873954,0.7895867401462814,2.2916666666666665,2.3608247422680413,2.148936170212766,328.80555555555554,339.340206185567,307.06382978723406,236.35416666666666,4.500419315568781,baseline
22,1.0,0.7083333333333334,1.1202000916259178,0.20460962797342816,1.2575982158574437,1.6388888888888888,1.7647058823529411,1.3333333333333333,1004.9861111111111,955.7254901960785,1124.6190476190477,271.9583333333333,2.4411938362973125,size_low
22,2.0,0.8055555555555556,1.810096146697128,-0.31559227549878566,0.5648176395416362,2.2777777777777777,2.413793103448276,1.7142857142857142,1018.875,998.0862068965517,1105.0,314.68055555555554,2.4411938362973125,size_high
22,3.0,0.75,1.4408153259162895,0.3649172451186139,1.6917751452217646,1.9166666666666667,2.037037037037037,1.5555555555555556,1102.375,1062.462962962963,1222.111111111111,244.94444444444446,2.4411938362973125,dur_low
22,4.0,0.7777777777777778,1.5938129671861154,-0.28841842448370114,0.6314825154431358,2.4583333333333335,2.5357142857142856,2.1875,819.375,832.5178571428571,773.375,422.1388888888889,2.4411938362973125,dur_high
22,5.0,0.5,0.0,1.5932188180230507,1.0,1.0,1.0,1.0,678.7777777777778,691.5277777777778,666.0277777777778,143.20833333333334,2.4411938362973125,noise_high
22,6.0,0.8472222222222222,2.1477038008870255,-0.3091422266571256,0.5148158911194508,2.611111111111111,2.7704918032786887,1.7272727272727273,1069.875,1073.8688524590164,1047.7272727272727,332.15277777777777,2.4411938362973125,noise_low
22,7.0,0.6944444444444444,1.072062514422097,-0.3256028629631238,0.7053461357438006,2.0277777777777777,2.18,1.6818181818181819,991.2222222222222,995.1,982.4090909090909,324.6666666666667,2.4411938362973125,tilt_low
22,8.0,0.9583333333333334,3.5077246430786078,-0.16064350351625312,0.5692172110080518,2.8055555555555554,2.8115942028985508,2.6666666666666665,903.9722222222222,845.0289855072464,2259.6666666666665,271.625,2.4411938362973125,tilt_high
22,9.0,0.8055555555555556,1.8914821862099949,-0.43725303399564086,0.43733476493636514,2.111111111111111,2.189655172413793,1.7857142857142858,1005.9861111111111,998.7327586206897,1036.0357142857142,301.59722222222223,2.4411938362973125,baseline
23,1.0,0.875,2.3059652569241083,-0.0676577203852955,0.8555451998928519,2.4444444444444446,2.5238095238095237,1.8888888888888888,1049.4444444444443,928.4603174603175,1896.3333333333333,396.97222222222223,2.780008000175726,size_low
23,2.0,0.8472222222222222,2.0822744690215225,0.1795031143365889,1.4532097811268763,2.6527777777777777,2.7868852459016393,1.9090909090909092,931.6527777777778,930.9180327868852,935.7272727272727,399.0138888888889,2.780008000175726,size_high
23,3.0,0.8472222222222222,2.05274647417846,-0.05895167098752885,0.8860225876268021,2.861111111111111,3.0,2.090909090909091,934.9583333333334,890.5245901639345,1181.3636363636363,480.4166666666667,2.780008000175726,dur_low
23,4.0,0.7916666666666666,1.7291284079567062,-0.3560761448689965,0.5402618349036387,2.9722222222222223,3.280701754385965,1.8,969.1388888888889,842.2105263157895,1451.4666666666667,466.7916666666667,2.780008000175726,dur_high
23,5.0,0.7638888888888888,1.5761307666868807,-0.43257496550390934,0.5057085761717487,2.0277777777777777,2.0727272727272728,1.8823529411764706,1118.0833333333333,1101.3454545454545,1172.235294117647,359.7083333333333,2.780008000175726,noise_high
23,6.0,0.8055555555555556,1.8914821862099949,-0.43725303399564086,0.43733476493636514,2.9722222222222223,3.1551724137931036,2.2142857142857144,946.9027777777778,888.3793103448276,1189.357142857143,384.30555555555554,2.780008000175726,noise_low
23,7.0,0.7222222222222222,1.1829778093054384,-0.08300084554336257,0.9064783261666816,2.486111111111111,2.7115384615384617,1.9,931.875,813.7115384615385,1239.1,441.34722222222223,2.780008000175726,tilt_low
23,8.0,0.9583333333333334,3.5077246430786078,-0.16064350351625312,0.5692172110080518,3.5,3.550724637681159,2.3333333333333335,704.9305555555555,659.5942028985507,1747.6666666666667,355.47222222222223,2.780008000175726,tilt_high
23,9.0,0.8194444444444444,1.850034581863146,-0.16030761714518588,0.7433601441712825,2.798611111111111,3.0,1.8846153846153846,912.1736111111111,888.5338983050848,1019.4615384615385,395.03472222222223,2.780008000175726,baseline
24,1.0,0.4722222222222222,-0.14250584818064613,-0.21096322297218517,1.0305199627056763,2.4583333333333335,2.5294117647058822,2.3947368421052633,862.3611111111111,700.4411764705883,1007.2368421052631,459.6388888888889,2.508190700142546,size_low
24,2.0,0.6805555555555556,0.939215358404814,0.038880379906949564,1.037191987937721,3.513888888888889,3.5918367346938775,3.347826086956522,629.3333333333334,615.2448979591836,659.3478260869565,302.5,2.508190700142546,size_high
24,3.0,0.6388888888888888,0.7441746705145373,-0.30240241493881304,0.798484105079206,3.3194444444444446,3.4347826086956523,3.1153846153846154,1342.736111111111,784.0869565217391,2331.1153846153848,338.7916666666667,2.508190700142546,dur_low
24,4.0,0.7638888888888888,1.4391994239824688,0.0451099617951527,1.0670760357546045,3.5277777777777777,3.6,3.2941176470588234,815.4027777777778,718.2727272727273,1129.6470588235295,367.84722222222223,2.508190700142546,dur_high
24,5.0,0.5972222222222222,0.79353832925086,-0.9862249624752083,0.4572123619742855,1.8055555555555556,1.8604651162790697,1.7241379310344827,754.7083333333334,757.3953488372093,750.7241379310345,420.80555555555554,2.508190700142546,noise_high
24,6.0,0.7222222222222222,1.1954369730818446,-0.16699118724546477,0.8190358367162526,3.513888888888889,3.4423076923076925,3.7,714.3055555555555,679.2692307692307,805.4,443.0416666666667,2.508190700142546,noise_low
24,7.0,0.6527777777777778,0.799884192097703,-0.1895137018009268,0.8593413852338454,3.4722222222222223,3.4893617021276597,3.44,730.375,718.468085106383,752.76,328.8611111111111,2.508190700142546,tilt_low
24,8.0,0.8333333333333334,1.946959028250931,0.11184539395129317,1.2432866526804403,3.6944444444444446,3.7333333333333334,3.5,991.4583333333334,670.2833333333333,2597.3333333333335,344.72222222222223,2.508190700142546,tilt_high
24,9.0,0.7152777777777778,1.2350207867880232,-0.40708199914608695,0.604862130209129,3.4375,3.5145631067961167,3.2439024390243905,696.2361111111111,661.0,784.7560975609756,341.9236111111111,2.508190700142546,baseline
25,1.0,0.5138888888888888,0.07776075981389913,-0.469607679202407,0.964141655189922,1.9305555555555556,1.7837837837837838,2.085714285714286,590.9305555555555,516.2162162162163,669.9142857142857,297.6388888888889,6.093032370037646,size_low
25,2.0,0.5972222222222222,0.579417973111664,-0.5719251336183403,0.7179296453642939,2.486111111111111,2.488372093023256,2.4827586206896552,562.9305555555555,555.4186046511628,574.0689655172414,286.40277777777777,6.093032370037646,size_high
25,3.0,0.5138888888888888,0.08096773874042174,-0.5489719284795674,0.9565243665939236,2.513888888888889,2.5945945945945947,2.4285714285714284,499.80555555555554,533.2702702702703,464.42857142857144,308.52777777777777,6.093032370037646,dur_low
25,4.0,0.6388888888888888,0.7919491998557167,-0.46565952024631396,0.6915784505698963,2.5694444444444446,2.5869565217391304,2.5384615384615383,468.80555555555554,449.2173913043478,503.46153846153845,293.09722222222223,6.093032370037646,dur_high
25,5.0,0.4583333333333333,-0.25622161467703053,-0.6365988664478719,1.1771666293082363,1.7222222222222223,1.7575757575757576,1.6923076923076923,601.3888888888889,479.6969696969697,704.3589743589744,281.09722222222223,6.093032370037646,noise_high
25,6.0,0.5138888888888888,0.0902199235903054,-0.7195997119912344,0.9371403409812588,2.2777777777777777,2.4594594594594597,2.085714285714286,467.625,462.7567567567568,472.77142857142854,346.8333333333333,6.093032370037646,noise_low
25,7.0,0.4722222222222222,-0.1529976412698258,-0.4319892384744437,1.0683264242688166,2.3333333333333335,2.3529411764705883,2.3157894736842106,557.0,650.7058823529412,473.1578947368421,301.0,6.093032370037646,tilt_low
25,8.0,0.8194444444444444,2.101706877132407,-0.5423653794568467,0.3198532289541866,2.6527777777777777,2.711864406779661,2.3846153846153846,482.59722222222223,476.89830508474574,508.46153846153845,293.81944444444446,6.093032370037646,tilt_high
25,9.0,0.6111111111111112,0.624999374904525,-0.4522099863341246,0.753797919035976,2.3194444444444446,2.4431818181818183,2.125,524.5902777777778,573.3636363636364,447.94642857142856,288.625,6.093032370037646,baseline
26,1.0,0.5972222222222222,0.79353832925086,-0.9862249624752083,0.4572123619742855,2.4166666666666665,2.5348837209302326,2.2413793103448274,543.1527777777778,514.7209302325581,585.3103448275862,333.69444444444446,3.2597074155386068,size_low
26,2.0,0.6805555555555556,1.2432838282187761,-0.7613522129912502,0.3880671474124936,3.236111111111111,3.36734693877551,2.9565217391304346,676.9027777777778,598.8571428571429,843.1739130434783,302.5833333333333,3.2597074155386068,size_high
26,3.0,0.6805555555555556,1.1509554285288939,-0.6451626345829027,0.47589718948465887,3.013888888888889,3.183673469387755,2.652173913043478,697.9722222222222,665.1020408163265,768.0,290.27777777777777,3.2597074155386068,dur_low
26,4.0,0.6527777777777778,1.10077798003813,-0.8326051370815732,0.39991094227882107,3.0833333333333335,3.234042553191489,2.8,765.4583333333334,737.0851063829788,818.8,287.40277777777777,3.2597074155386068,dur_high
26,5.0,0.5277777777777778,0.29766921902387944,-1.2341595175886986,0.6925524527460121,2.138888888888889,2.3684210526315788,1.8823529411764706,798.375,551.5,1074.2941176470588,287.55555555555554,3.2597074155386068,noise_high
26,6.0,0.7361111111111112,1.5227044259825004,-0.6216419141093881,0.3880671474124936,3.236111111111111,3.4339622641509435,2.6842105263157894,703.9166666666666,608.5849056603773,969.8421052631579,358.2638888888889,3.2597074155386068,noise_low
26,7.0,0.4861111111111111,-0.08096773874042174,-0.5489719284795674,1.0454516737099842,2.9583333333333335,2.942857142857143,2.972972972972973,728.7777777777778,743.4857142857143,714.8648648648649,301.31944444444446,3.2597074155386068,tilt_low
26,8.0,0.8472222222222222,2.2677085682191316,-0.45936453391348414,0.35285259417815645,3.4166666666666665,3.540983606557377,2.727272727272727,581.5138888888889,564.311475409836,676.9090909090909,300.52777777777777,3.2597074155386068,tilt_high
26,9.0,0.7013888888888888,1.1899583636908342,-0.4903457262313417,0.5579471702640929,2.9375,3.1683168316831685,2.395348837209302,635.5972222222222,634.2673267326733,638.7209302325581,374.9513888888889,3.2597074155386068,baseline
27,1.0,0.6944444444444444,1.0469258208488952,-0.24124676336193948,0.7768038034125703,2.013888888888889,2.12,1.7727272727272727,1365.138888888889,1212.08,1713.0,651.7638888888889,3.0271101041525768,size_low
27,2.0,0.7638888888888888,1.4510899180239507,0.136089161162197,1.2183257860024341,2.111111111111111,2.1272727272727274,2.0588235294117645,1396.611111111111,1332.9818181818182,1602.4705882352941,539.3611111111111,3.0271101041525768,size_high
27,3.0,0.7916666666666666,1.641911316297783,0.14646590795280973,1.271864624176026,2.111111111111111,2.1228070175438596,2.066666666666667,1340.5,1268.7719298245613,1613.0666666666666,613.9861111111111,3.0271101041525768,dur_low
27,4.0,0.8888888888888888,2.468319035177397,-0.14883460951193983,0.6925524527460118,2.1666666666666665,2.1875,2.0,1058.4166666666667,1021.9375,1350.25,711.9166666666666,3.0271101041525768,dur_high
27,5.0,0.5833333333333334,0.464061355948157,0.4424590722220032,1.2279279520158877,1.2222222222222223,1.2380952380952381,1.2,1227.486111111111,1211.7380952380952,1249.5333333333333,715.125,3.0271101041525768,noise_high
27,6.0,0.8611111111111112,2.5889955752516385,-0.6200080374297376,0.20084976955504596,2.236111111111111,2.274193548387097,2.0,1076.8333333333333,991.5322580645161,1605.7,696.4583333333334,3.0271101041525768,noise_low
27,7.0,0.6388888888888888,0.7647096737863871,-0.38235483689319355,0.7464770226444273,2.0555555555555554,2.108695652173913,1.9615384615384615,1292.125,1095.9347826086957,1639.2307692307693,567.8611111111111,3.0271101041525768,tilt_low
27,8.0,1.0,4.400821162420066,-8.881784197001252e-16,0.9999999999999961,2.4166666666666665,2.4166666666666665,,1049.875,1049.875,,687.3611111111111,3.0271101041525768,tilt_high
27,9.0,0.7986111111111112,1.677959600469996,-0.07427012644861086,0.8828303096017668,2.138888888888889,2.1652173913043478,2.0344827586206895,1155.1944444444443,1063.3478260869565,1519.4137931034484,593.6597222222222,3.0271101041525768,baseline
28,1.0,0.5694444444444444,0.4092192559468563,-0.5601000458129589,0.7951665224955726,1.6111111111111112,1.7073170731707317,1.4838709677419355,1033.375,1084.878048780488,965.258064516129,796.0,4.425458767302404,size_low
28,2.0,0.7777777777777778,1.5568773639514795,0.18898288412596143,1.3420833889959896,2.9722222222222223,3.0357142857142856,2.75,853.8888888888889,867.25,807.125,786.4166666666666,4.425458767302404,size_high
28,3.0,0.6666666666666666,0.8639784769488875,-0.07649882063491281,0.9360434950248653,2.8472222222222223,2.9583333333333335,2.625,878.0555555555555,884.1666666666666,865.8333333333334,780.6388888888889,4.425458767302404,dur_low
28,4.0,0.7222222222222222,1.2496377131642094,0.3426027095195965,1.5343844125712653,3.1944444444444446,3.2884615384615383,2.95,810.375,691.3653846153846,1119.8,860.0972222222222,4.425458767302404,dur_high
28,5.0,0.5833333333333334,0.43072729929545744,-0.21536364964772872,0.9114094758506123,1.9861111111111112,2.238095238095238,1.6333333333333333,1067.7777777777778,1043.5714285714287,1101.6666666666667,772.5416666666666,4.425458767302404,noise_high
28,6.0,0.75,1.5028564959098583,0.46921210089242094,2.024167396499534,2.9583333333333335,2.9814814814814814,2.888888888888889,998.5833333333334,944.7962962962963,1159.9444444444443,750.4166666666666,4.425458767302404,noise_low
28,7.0,0.5555555555555556,0.2858054975210751,-0.21258766907899324,0.9410502647339616,2.9444444444444446,2.925,2.96875,772.4722222222222,763.425,783.78125,772.8611111111111,4.425458767302404,tilt_low
28,8.0,0.8333333333333334,2.05748387729672,-0.3542521884522783,0.4824547397462527,3.1944444444444446,3.3333333333333335,2.5,854.5,846.4666666666667,894.6666666666666,879.8333333333334,4.425458767302404,tilt_high
28,9.0,0.7430555555555556,1.313231956484485,-0.10809369554414461,0.8676628206321553,2.951388888888889,3.046728971962617,2.675675675675676,825.8125,821.9719626168225,836.918918918919,780.75,4.425458767302404,baseline
